Core_ID,Clean_Core_ID,Mesh_Type,Label_Type,Core_Depth_cm,d13_day1,atom_percent_day1,ppmv_day1,d13_day2,atom_percent_day2,ppmv_day2,d13_day3,atom_percent_day3,ppmv_day3,d13_day4,atom_percent_day4,ppmv_day4,d13_day5,atom_percent_day5,ppmv_day5,d13_day6,atom_percent_day6,ppmv_day6,d13_day7,atom_percent_day7,ppmv_day7,d13_day9,atom_percent_day9,ppmv_day9,Core_Volume_m3,Gas_Moles,C13_ug_D1,C13_ug_D2,C13_ug_D3,C13_ug_D4,C13_ug_D5,C13_ug_D6,C13_ug_D7,C13_ug_D9,Total_13C_ug,PeakDay_13C_CO2_ug
1.13.1,01.13.1,1,starch,4,19.12,1.126569,795.3168008,177.4884304,1.299361717,817.0097508,6.676755299,1.112968411,701.6142207,64.29,1.175918,806.1,-4.106160045,1.10117824,606.110421,NA,NA,NA,NA,NA,NA,NA,NA,NA,7.85E-05,1.09E-05,0.000868086,0.000891764,0.00076581,0.000879856,0.000661568,NA,NA,NA,0.585659917,0.128413969
1.13.2,01.13.2,2,starch,7,-8,1.096919,799.7023792,42.577148,1.152202086,663.1620963,-4.406370601,1.100849946,700.635297,16.99,1.124242,659.8,48.04540913,1.158175333,860.6305926,NA,NA,NA,NA,NA,NA,NA,NA,NA,0.000137445,1.91E-05,0.001527527,0.001266719,0.001338297,0.001260297,0.001643907,NA,NA,NA,1.01329171,0.182407534
1.13.3,01.13.3,3,starch,5,-9.96,1.094775,744.6477082,47.49120591,1.157569983,673.3037463,-10.00739167,1.094724571,665.1591008,NA,NA,NA,-2.13760801,1.103330888,664.7675313,NA,NA,NA,NA,NA,NA,NA,NA,NA,9.82E-05,1.36E-05,0.001015976,0.000918636,0.000907524,NA,0.00090699,NA,NA,NA,0.670519092,0.13228362
10.2.1,10.02.1,1,starch,7.5,25.33,1.13336,824.0971587,48.95963351,1.159173914,900.9622505,15.13292995,1.122212529,837.9587188,0.48,1.10619,901.1,0.324333684,1.106022936,763.9520843,NA,NA,NA,NA,NA,NA,NA,NA,NA,0.000147262,2.05E-05,0.001686562,0.00184387,0.00171493,0.001844152,0.001563471,NA,NA,NA,1.246029978,0.265517344
10.2.2,10.02.2,2,starch,5.5,-8.28,1.096613,931.7787698,-9.345473677,1.095448495,739.6747756,-6.344728044,1.09873021,774.6027746,-9.88,1.094861,871.6,-8.2775077,1.096616483,740.5362285,NA,NA,NA,NA,NA,NA,NA,NA,NA,0.000107992,1.50E-05,0.001398421,0.00111011,0.00116253,0.001308105,0.001111403,NA,NA,NA,0.877041968,0.15985585
10.2.3,10.02.3,3,starch,5.5,5,1.111139,683.0146697,NA,NA,NA,-9.26323727,1.095538435,627.6075862,-11.62,1.092964,686.3,-9.993717718,1.094739526,615.2339902,NA,NA,NA,NA,NA,NA,NA,NA,NA,0.000107992,1.50E-05,0.001025074,NA,0.000941919,0.001030005,0.000923348,NA,NA,NA,0.706153289,0.147610672
11.6.1,11.06.1,1,starch,5.5,-5.86,1.099262,864.3896597,-3.225137871,1.102141666,912.3569228,-5.467276198,1.099689779,960.8332263,-5.28,1.099895,1117.9,240.7529463,1.368219095,666.7253787,NA,NA,NA,NA,NA,NA,NA,NA,NA,0.000107992,1.50E-05,0.001297283,0.001369273,0.001442027,0.001677754,0.001000627,NA,NA,NA,0.977322709,0.197175295
11.6.2,11.06.2,2,starch,4,13.76,1.120714,607.7941698,13.39988478,1.12031814,670.5627598,14.12675515,1.12111269,666.5687509,-1.34,1.104203,771.9,31.16895852,1.139738043,787.5245679,NA,NA,NA,NA,NA,NA,NA,NA,NA,7.85E-05,1.09E-05,0.000663405,0.000731917,0.000727558,0.000842527,0.000859581,NA,NA,NA,0.550798228,0.10539608
11.6.3,11.06.3,3,starch,4,-3.67,1.101652,770.6479227,-4.486883174,1.100761901,914.510555,-7.092651639,1.097912276,890.8989145,-10.32,1.09438,933.3,16.5372032,1.123747485,782.3558506,NA,NA,NA,NA,NA,NA,NA,NA,NA,7.85E-05,1.09E-05,0.00084116,0.000998186,0.000972413,0.001018694,0.000853939,NA,NA,NA,0.674552451,0.143738713
14.10.1,14.10.1,1,starch,8,23.94,1.131839,688.3791718,-1.678815241,1.103832573,639.3155141,285.161953,1.416496691,681.4483917,-2.26,1.103199,689.3,2.260568487,1.108140038,711.5600859,NA,NA,NA,NA,NA,NA,NA,NA,NA,0.00015708,2.18E-05,0.001502728,0.001395622,0.001487598,0.001504738,0.001553331,NA,NA,NA,1.071938343,0.200969553
14.10.2,14.10.2,2,starch,4,18.75,1.126166,953.5500337,50.90274934,1.161296257,893.8356857,73.46316313,1.185930904,942.9776573,13.66,1.120603,938.6,4.163787424,1.110220952,926.923308,NA,NA,NA,NA,NA,NA,NA,NA,NA,7.85E-05,1.09E-05,0.001040797,0.000975619,0.001029257,0.001024479,0.001011734,NA,NA,NA,0.731791617,0.140489128
14.10.3,14.10.3,3,starch,4,3.1,1.109061,768.7292321,-10.39292843,1.094302913,730.1596369,44.23091777,1.154008656,692.4514946,-12.49,1.092005,703.2,-12.91251772,1.091547175,716.4547046,NA,NA,NA,NA,NA,NA,NA,NA,NA,7.85E-05,1.09E-05,0.000839066,0.000796967,0.000755809,0.000767541,0.000782008,NA,NA,NA,0.567560188,0.114763253
17.1.1,17.01.1,1,starch,5,15.62,1.122747,756.3556361,14.85980315,1.121913979,692.0599251,3.74729543,1.109765582,685.0508311,100.73,1.215684,622.4,-12.97585029,1.091477905,648.6348681,NA,NA,NA,NA,NA,NA,NA,NA,NA,9.82E-05,1.36E-05,0.00103195,0.000944227,0.000934664,0.000849185,0.000884979,NA,NA,NA,0.668880509,0.135968637
17.1.2,17.01.2,2,starch,8.5,10.63,1.117291,638.3365904,2.198108525,1.108071745,639.7070836,-5.930214865,1.099183518,619.6195685,18.3,1.125675,610.7,-11.22793786,1.093389659,889.4109504,NA,NA,NA,NA,NA,NA,NA,NA,NA,0.000166897,2.32E-05,0.001480578,0.001483756,0.001437165,0.001416477,0.002062927,NA,NA,NA,1.134850037,0.213660934
17.1.3,17.01.3,3,starch,3,-10.73,1.093934,1070.159429,NA,NA,NA,-11.57385326,1.093011325,1121.415876,-2.68,1.102734,1027.2,-12.14565775,1.092385925,901.1971922,NA,NA,NA,NA,NA,NA,NA,NA,NA,5.89E-05,8.19E-06,0.000876057,NA,0.000918017,0.000840889,0.000737741,NA,NA,NA,0.614842534,0.126152184
17.6.1,17.06.1,1,starch,7,-9.93,1.094809,832.6725306,117.1634994,1.233614191,765.1659497,-9.454103252,1.09532969,714.5360141,28,1.136272,676.2,-14.98493959,1.0892804,1037.854946,NA,NA,NA,NA,NA,NA,NA,NA,NA,0.000137445,1.91E-05,0.001590504,0.001461559,0.001364849,0.001291623,0.001982427,NA,NA,NA,1.107498559,0.210464432
17.6.2,17.06.2,2,starch,5,-9.52,1.095256,912.5527076,15.98408673,1.123142901,903.4682953,-9.44851885,1.095335798,781.4552407,10.74,1.117405,753.4,-7.340852647,1.097640839,662.3398004,NA,NA,NA,NA,NA,NA,NA,NA,NA,9.82E-05,1.36E-05,0.001245061,0.001232666,0.001066195,0.001027917,0.000903677,NA,NA,NA,0.788474371,0.177503924
17.6.3,17.06.3,3,starch,8,-12.87,1.091598,649.6921057,29.24849823,1.137639531,631.2491825,-12.40588028,1.092101309,646.2854511,24.59,1.132551,623,-3.32234782,1.102035364,683.4062392,NA,NA,NA,NA,NA,NA,NA,NA,NA,0.00015708,2.18E-05,0.001418274,0.001378013,0.001410837,0.001360005,0.001491872,NA,NA,NA,1.016496176,0.198433893
18.5.1,18.05.1,1,starch,6,64.59,1.17624,701.5359068,221.8651062,1.347671548,629.5262767,174.6786664,1.296301327,714.3010724,-1.27,1.104276,685.6,-10.98800701,1.093652075,805.9283341,NA,NA,NA,NA,NA,NA,NA,NA,NA,0.00011781,1.64E-05,0.001148586,0.001030689,0.001169486,0.001122495,0.001319503,NA,NA,NA,0.833869397,0.148419222
18.5.2,18.05.2,2,starch,5,40.94,1.150416,617.3484655,49.19493854,1.159430928,617.8575058,35.51894926,1.144491006,652.7463478,-8.26,1.096634,631.6,-1.166121467,1.104393193,677.0628134,NA,NA,NA,NA,NA,NA,NA,NA,NA,9.82E-05,1.36E-05,0.000842292,0.000842987,0.000890588,0.000861737,0.000923765,NA,NA,NA,0.628037234,0.121390128
18.5.3,18.05.3,3,starch,4,7.69,1.114074,765.9882457,31.14605573,1.139713018,764.970165,13.01550391,1.119897964,847.2780728,-12.33,1.092184,825.7,-0.893837024,1.104690927,651.9632088,NA,NA,NA,NA,NA,NA,NA,NA,NA,7.85E-05,1.09E-05,0.000836074,0.000834963,0.000924801,0.000901249,0.000711616,NA,NA,NA,0.60605321,0.120234617
2.10.1,02.10.1,1,starch,7.5,2407.38,3.669753,1306.158364,254.2839454,1.382933824,870.380673,29.40323902,1.137808622,892.7392911,-8.77,1.09608,818.9,1.6736927,1.107498351,837.7629341,NA,NA,NA,NA,NA,NA,NA,NA,NA,0.000147262,2.05E-05,0.002673127,0.001781284,0.001827042,0.001675925,0.001714529,NA,NA,NA,1.392754659,0.256504825
2.10.2,02.10.2,2,starch,8,93.63,1.207941,956.6825896,55.49119386,1.166307564,853.7781264,-4.956304921,1.100248561,754.0453761,-10.23,1.094485,890.4,-7.610166951,1.097346311,910.7514879,NA,NA,NA,NA,NA,NA,NA,NA,NA,0.00015708,2.18E-05,0.002088432,0.001863792,0.001646076,0.001943738,0.001988165,NA,NA,NA,1.372349388,0.268386118
2.10.3,02.10.3,3,starch,5,165.47,1.286267,786.1149177,39.88377812,1.149259723,718.1776104,-10.36447958,1.094334027,645.7372538,-13.7,1.090684,745.2,-12.12365696,1.092409988,638.649846,NA,NA,NA,NA,NA,NA,NA,NA,NA,9.82E-05,1.36E-05,0.001072553,0.000979861,0.000881025,0.001016729,0.000871355,NA,NA,NA,0.694299406,0.141099964
20.4.1,20.04.1,1,starch,6,16.86,1.124098,834.9044767,108.9830076,1.224691611,717.1986866,124.0298954,1.241102223,874.1005832,163.77,1.28442,987.3,-3.567756696,1.101767003,597.8091477,NA,NA,NA,NA,NA,NA,NA,NA,NA,0.00011781,1.64E-05,0.001366944,0.00117423,0.001431117,0.001616452,0.00097876,NA,NA,NA,0.945720552,0.169089162
20.4.2,20.04.2,2,starch,4,-12.99,1.091464,820.1814637,35.36064055,1.14431804,757.3737168,18.31973754,1.125695834,837.5279924,8.96,1.11546,1004.3,-4.989491096,1.10021227,718.3733951,NA,NA,NA,NA,NA,NA,NA,NA,NA,7.85E-05,1.09E-05,0.000895226,0.000826671,0.000914159,0.00109619,0.000784102,NA,NA,NA,0.650354224,0.119040641
20.4.3,20.04.3,3,starch,2,33.76,1.142573,711.1293595,81.06480308,1.194228683,639.5112989,47.1887406,1.1572396,756.394793,36.8,1.145894,785.3,-9.483845733,1.095297162,664.963316,NA,NA,NA,NA,NA,NA,NA,NA,NA,3.93E-05,5.46E-06,0.000388098,0.000349012,0.000412801,0.000428576,0.000362903,NA,NA,NA,0.279560221,0.050257775
28.1.1,28.01.1,1,starch,4,-6.33,1.098742,875.3536056,13.13150929,1.120024773,855.8142878,16.90051219,1.124144596,914.4322411,13.37,1.120289,840.2,-13.82020522,1.090554377,862.2360275,NA,NA,NA,NA,NA,NA,NA,NA,NA,7.85E-05,1.09E-05,0.000955446,0.000934119,0.0009981,0.000917076,0.000941128,NA,NA,NA,0.683405037,0.134513094
28.1.2,28.01.2,2,starch,5,7.79,1.114183,724.0511528,1.826536716,1.107665471,668.7615401,0.862981897,1.106611909,741.5934661,-4.97,1.100231,654.8,7.460728256,1.113825507,832.7116876,NA,NA,NA,NA,NA,NA,NA,NA,NA,9.82E-05,1.36E-05,0.000987875,0.000912439,0.001011809,0.00089339,0.001136128,NA,NA,NA,0.711596227,0.131391216
28.1.3,28.01.3,3,starch,5,-11.53,1.093056,932.5619087,-9.789029728,1.094963389,807.1421996,-10.58984544,1.094087546,890.0766186,-11.99,1.092552,800.8,-3.8965617,1.101407444,712.1082832,NA,NA,NA,NA,NA,NA,NA,NA,NA,9.82E-05,1.36E-05,0.001272361,0.001101242,0.001214395,0.001092588,0.00097158,NA,NA,NA,0.813911854,0.158578788
34.6.1,34.06.1,1,starch,5,77.35,1.190171,812.6633294,227.3141026,1.353600236,580.9716594,139.8965923,1.258401039,817.7537329,159.7,1.279989,733.2,-9.990725988,1.094742798,582.851193,NA,NA,NA,NA,NA,NA,NA,NA,NA,9.82E-05,1.36E-05,0.001108774,0.000792661,0.00111572,0.001000357,0.000795225,NA,NA,NA,0.693034199,0.114143186
34.6.2,34.06.2,2,starch,4,25.29,1.133318,640.5293795,33.60336551,1.142398024,659.3247153,23.16824332,1.130994969,704.0419516,25.2,1.133221,619.8,-6.479183009,1.09858317,693.1563196,NA,NA,NA,NA,NA,NA,NA,NA,NA,7.85E-05,1.09E-05,0.000699136,0.000719651,0.00076846,0.00067651,0.000756578,NA,NA,NA,0.521328142,0.103629734
34.6.3,34.06.3,3,starch,5,-8.38,1.096506,630.113631,37.95095067,1.147148103,594.1283944,10.89766526,1.11758284,696.3671895,10.2,1.116822,614.5,-7.937340364,1.096988504,675.6531632,NA,NA,NA,NA,NA,NA,NA,NA,NA,9.82E-05,1.36E-05,0.000859709,0.000810612,0.000950103,0.000838406,0.000921842,NA,NA,NA,0.630816736,0.116728082
37.4.1,37.04.1,1,starch,4,-5.81,1.099311,707.8010187,13.81309135,1.120769822,783.1781465,0.766888264,1.106506838,739.1657353,-6.1,1.099,706.5,-13.83015878,1.09054349,772.3708284,NA,NA,NA,NA,NA,NA,NA,NA,NA,7.85E-05,1.09E-05,0.000772563,0.000854837,0.000806797,0.000771143,0.00084304,NA,NA,NA,0.58296664,0.123096467
37.4.2,37.04.2,2,starch,6.5,-11.8,1.092761,773.2322813,-10.65345919,1.094017971,694.3701851,-12.9363741,1.091521082,834.5912212,-12.75,1.091727,828.1,-4.540935933,1.100702792,739.9880312,NA,NA,NA,NA,NA,NA,NA,NA,NA,0.000127627,1.77E-05,0.001371469,0.001231592,0.0014803,0.001468787,0.001312504,NA,NA,NA,0.988509784,0.177349292
37.4.3,37.04.3,3,starch,7.5,-12.91,1.091551,593.4627263,-12.47772032,1.092022735,695.8581492,-12.49772076,1.092000859,785.0185231,-11.68,1.092892,603.4,-13.17339039,1.091261843,853.2299291,NA,NA,NA,NA,NA,NA,NA,NA,NA,0.000147262,2.05E-05,0.001214555,0.001424113,0.001606585,0.001234892,0.001746184,NA,NA,NA,1.040591431,0.205072307
43.2.1,43.02.1,1,starch,7,39.45,1.148781,786.4673302,103.9960384,1.219251462,747.936892,-11.50558746,1.093085989,546.4743869,-11.43,1.093164,884.8,-12.15546909,1.092375194,684.0719074,NA,NA,NA,NA,NA,NA,NA,NA,NA,0.000137445,1.91E-05,0.001502247,0.001428649,0.001043831,0.001690074,0.001306659,NA,NA,NA,1.003890295,0.205725455
43.2.2,43.02.2,2,starch,5.5,3.04,1.108996,799.075868,17.32602235,1.124609691,898.8086183,23.95540146,1.131855233,867.2089601,-12.35,1.092163,784,-9.815170885,1.094934799,709.9938079,NA,NA,NA,NA,NA,NA,NA,NA,NA,0.000107992,1.50E-05,0.00119926,0.001348939,0.001301514,0.001176634,0.001065565,NA,NA,NA,0.877235328,0.194247284
43.2.3,43.02.3,3,starch,8.5,-3.88,1.101423,737.3645156,10.58990724,1.117246404,818.1453024,7.101898533,1.11343321,810.8229528,-12.34,1.092168,645.7,-12.2550118,1.092266321,755.4158693,NA,NA,NA,NA,NA,NA,NA,NA,NA,0.000166897,2.32E-05,0.001710266,0.001897632,0.001880648,0.001497657,0.001752135,NA,NA,NA,1.25832059,0.273258955
48.1.1,48.01.1,1,starch,7,-10.39,1.094305,1182.265776,-18.34738767,1.085602399,1722.200952,-15.06999391,1.089187367,1242.175908,83.84,1.197255,973.7,-10.92110894,1.093725242,589.5470313,NA,NA,NA,NA,NA,NA,NA,NA,NA,0.000137445,1.91E-05,0.002258269,0.00328961,0.002372705,0.001859884,0.001126105,NA,NA,NA,1.570546479,0.473703836
48.1.2,48.01.2,2,starch,6.5,-10.84,1.093815,921.9895324,-10.30719046,1.094396684,620.8725909,-10.14378033,1.094575404,850.0973731,3.36,1.109343,1060.4,-15.75688399,1.088436036,952.8060516,NA,NA,NA,NA,NA,NA,NA,NA,NA,0.000127627,1.77E-05,0.001635317,0.001101231,0.001507803,0.001880813,0.001689975,NA,NA,NA,1.125380029,0.15857725
48.1.3,48.01.3,3,starch,6.5,-12.22,1.092305,733.7229193,-12.34491005,1.092167995,645.3848413,-13.63385005,1.090758208,713.9878168,4.93,1.111057,634.1,-8.998406555,1.095828071,627.4509584,NA,NA,NA,NA,NA,NA,NA,NA,NA,0.000127627,1.77E-05,0.001301392,0.001144708,0.001266388,0.001124692,0.001112899,NA,NA,NA,0.856811251,0.164837931
52.4.1,52.04.1,1,starch,6,30.03,1.138492,890.0766186,89.84873527,1.20381529,678.90319,179.3039322,1.301339057,671.1109571,101.7,1.216746,707.3,20.56125007,1.128145747,597.9266185,NA,NA,NA,NA,NA,NA,NA,NA,NA,0.00011781,1.64E-05,0.001457274,0.001111531,0.001098773,0.001158024,0.000978953,NA,NA,NA,0.835855891,0.160060488
52.4.2,52.04.2,2,starch,4,-1.61,1.103906,1026.969314,5.618924144,1.11181189,1109.003123,15.05163541,1.122123668,850.7238843,15.15,1.122233,595.4,299.9791335,1.432594123,653.8035854,NA,NA,NA,NA,NA,NA,NA,NA,NA,7.85E-05,1.09E-05,0.001120934,0.001210474,0.000928563,0.000649877,0.000713625,NA,NA,NA,0.665779958,0.174308192
52.4.3,52.04.3,3,starch,5,41.43,1.150945,657.8367512,68.14572353,1.180125679,709.3281398,35.81078415,1.14480986,678.0417371,6.58,1.112857,726.4,NA,NA,NA,NA,NA,NA,NA,NA,NA,NA,NA,NA,9.82E-05,1.36E-05,0.000897534,0.000967787,0.000925101,0.000991079,NA,NA,NA,NA,0.687251457,0.139361313
55.11.1,55.11.1,1,starch,6,5.32,1.111488,634.6558371,156.2176321,1.276188884,619.3846268,-6.987248072,1.098027547,653.2553881,-11.61,1.09297,624.6,-5.996198262,1.099111359,595.4205737,NA,NA,NA,NA,NA,NA,NA,NA,NA,0.00011781,1.64E-05,0.001039087,0.001014085,0.001069539,0.001022624,0.00097485,NA,NA,NA,0.737306586,0.146028192
55.11.2,55.11.2,2,starch,5,2.63,1.108545,717.6294131,25.45391283,1.133492876,689.3580955,-0.727023857,1.104873331,730.2379508,-5.81,1.099314,746,-10.72671262,1.093937854,686.1863826,NA,NA,NA,NA,NA,NA,NA,NA,NA,9.82E-05,1.36E-05,0.000979113,0.00094054,0.000996316,0.001017821,0.000936213,NA,NA,NA,0.701280401,0.13543781
55.11.3,55.11.3,3,starch,4,-7.94,1.096986,597.3784212,20.94343677,1.128563455,621.3033174,-8.159083022,1.096745997,602.5862955,-12.04,1.092498,604.9,-3.116160874,1.102260834,625.1015415,NA,NA,NA,NA,NA,NA,NA,NA,NA,7.85E-05,1.09E-05,0.000652037,0.000678151,0.000657721,0.000660247,0.000682296,NA,NA,NA,0.479585017,0.0976537
1.5.1,01.05.1,1,leaf,5,73.75,1.18624,1012.872812,NA,NA,NA,NA,NA,NA,-4.47,1.100782,760.3,NA,NA,NA,4.811007947,1.110928581,1125.683984,-0.665228085,1.104940902,722.2107762,35.15,1.144085,978.8,9.82E-05,1.36E-05,0.001381935,NA,NA,0.001037331,NA,0.001535851,0.000985364,0.001335447,1.615951753,0.192304303
1.5.2,01.05.2,2,leaf,5,3.32,1.109294,739.1265783,NA,NA,NA,NA,NA,NA,-6.77,1.098265,807.7,NA,NA,NA,-8.626690336,1.0962346,376.4549123,NA,NA,NA,-5.96,1.099149,855.7,9.82E-05,1.36E-05,0.001008443,NA,NA,0.001102003,NA,0.000513624,NA,0.001167492,1.226482945,0.168118913
1.5.3,01.05.3,3,leaf,7,-11.25,1.093362,587.3933991,NA,NA,NA,NA,NA,NA,-12.17,1.092364,661,NA,NA,NA,-10.88233374,1.09376765,661.5175045,NA,NA,NA,-12.24,1.092277,654.8,0.000137445,1.91E-05,0.001121992,NA,NA,0.001262589,NA,0.001263578,NA,0.001250746,1.612161949,0.180107479
11.10.1,11.10.1,1,leaf,5,13.54,1.12047,1051.677349,NA,NA,NA,NA,NA,NA,-9.52,1.095252,1141.3,NA,NA,NA,-10.87437027,1.09377636,1107.084433,27.73421155,1.135984787,1013.02944,26.2,1.134313,1158.7,9.82E-05,1.36E-05,0.001434878,NA,NA,0.001557157,NA,0.001510474,0.001382148,0.001580897,1.968658454,0.227649158
11.10.2,11.10.2,2,leaf,3.5,18.15,1.125514,685.9514409,NA,NA,NA,NA,NA,NA,8.48,1.114935,756.7,NA,NA,NA,6.782421806,1.113083934,801.346971,11.99670402,1.118784272,712.3823818,8.33,1.114776,793.9,6.87E-05,9.55E-06,0.000655125,NA,NA,0.000722694,NA,0.000765334,0.000680368,0.000758222,0.943298862,0.10918397
11.10.3,11.10.3,3,leaf,4.5,-10.2,1.094516,1238.495155,NA,NA,NA,NA,NA,NA,-13.4,1.091015,1238.7,NA,NA,NA,-14.79598654,1.089487078,1422.297876,-11.03261409,1.093603287,1245.856662,-10.46,1.094232,1384,8.84E-05,1.23E-05,0.00152079,NA,NA,0.001521042,NA,0.001746488,0.00152983,0.001699461,2.08881272,0.244722354
12.1.1,12.01.1,1,leaf,7,-0.9,1.104685,710.1895927,NA,NA,NA,NA,NA,NA,-9.14,1.095673,835,NA,NA,NA,-9.980289994,1.094754211,839.4075259,63.96155358,1.175557202,725.8523725,39.71,1.149072,998.7,0.000137445,1.91E-05,0.001356547,NA,NA,0.00159495,NA,0.001603369,0.001386465,0.001907637,2.095181673,0.274699663
12.1.2,12.01.2,2,leaf,5,-6.23,1.098861,647.0685901,NA,NA,NA,NA,NA,NA,-11.43,1.093171,680,NA,NA,NA,-8.622477509,1.096239208,798.0969442,2.010217542,1.107866307,645.6589399,7.7,1.114086,748.6,9.82E-05,1.36E-05,0.000882842,NA,NA,0.000927772,NA,0.0010889,0.000880918,0.001021368,1.262536575,0.147077034
12.1.3,12.01.3,3,leaf,5,-2.45,1.102984,627.9208418,NA,NA,NA,NA,NA,NA,-9.43,1.095351,657.2,NA,NA,NA,-11.29263296,1.093318901,757.3737168,-1.122771733,1.104440594,626.6286625,-3.41,1.101937,709.3,9.82E-05,1.36E-05,0.000856717,NA,NA,0.000896665,NA,0.001033339,0.000854954,0.000967749,1.210153009,0.139355785
12.5.1,12.05.1,1,leaf,6.5,225.83,1.351986,666.0205537,NA,NA,NA,NA,NA,NA,-8.5,1.096372,718.2,NA,NA,NA,-6.502786495,1.098557357,685.8339701,51.45270941,1.161896927,639.6679267,92.36,1.206552,854.1,0.000127627,1.77E-05,0.001181309,NA,NA,0.001273859,NA,0.001216452,0.001134568,0.001514902,1.670423261,0.21814593
12.5.2,12.05.2,2,leaf,5.5,36.65,1.145731,590.565112,NA,NA,NA,NA,NA,NA,-8.42,1.096465,680,NA,NA,NA,-8.074176998,1.096838854,701.2618082,4.148478606,1.110204215,618.3665461,34.39,1.143259,819.2,0.000107992,1.50E-05,0.000886325,NA,NA,0.00102055,NA,0.00105246,0.00092805,0.001229462,1.359340884,0.177042556
12.5.3,12.05.3,3,leaf,4.5,22.83,1.130622,620.794277,NA,NA,NA,NA,NA,NA,-9.32,1.095481,689.4,NA,NA,NA,-11.87485319,1.092682113,693.3912613,-1.435246668,1.104098911,641.1167338,0.06,1.105736,658.6,8.84E-05,1.23E-05,0.000762294,NA,NA,0.000846538,NA,0.000851439,0.000787249,0.000808717,1.066963563,0.116455305
12.9.1,12.09.1,1,leaf,6.5,64.76,1.176431,799.6632222,NA,NA,NA,NA,NA,NA,89.74,1.203692,747.1,NA,NA,NA,-7.856127795,1.09707732,809.4133026,54.85529534,1.165613093,696.0539339,61.02,1.172348,828.3,0.000127627,1.77E-05,0.001418349,NA,NA,0.001325118,NA,0.001435642,0.001234579,0.001469141,1.791050309,0.211556345
12.9.2,12.09.2,2,leaf,7,-2.04,1.103439,687.2827772,NA,NA,NA,NA,NA,NA,15.12,1.122203,811.4,NA,NA,NA,-9.059239629,1.09576154,784.9010523,3.927272895,1.10996236,709.9938079,0.22,1.105904,806.7,0.000137445,1.91E-05,0.001312792,NA,NA,0.001549871,NA,0.001499255,0.001356173,0.001540894,1.929438143,0.221888674
12.9.3,12.09.3,3,leaf,7,-8.45,1.096425,736.1898071,NA,NA,NA,NA,NA,NA,-1.54,1.103989,887,NA,NA,NA,-13.59743219,1.09079804,767.0063264,-0.520439431,1.105099222,614.1767525,-5.49,1.09966,667.9,0.000137445,1.91E-05,0.001406211,NA,NA,0.001694276,NA,0.001465074,0.001173151,0.001275769,1.892718145,0.183710729
15.16.1,15.16.1,1,leaf,6,-1.51,1.10402,639.8245545,NA,NA,NA,NA,NA,NA,19.37,1.126845,663.7,NA,NA,NA,-8.094622594,1.096816494,942.1162044,-10.27842253,1.094428147,749.464013,11.05,1.117753,916.4,0.00011781,1.64E-05,0.00104755,NA,NA,0.00108664,NA,0.001542475,0.001227057,0.001500372,1.673311721,0.216053531
15.16.2,15.16.2,2,leaf,5,-0.52,1.105095,605.7971654,NA,NA,NA,NA,NA,NA,8.8,1.115285,667,NA,NA,NA,-6.116023678,1.09898032,758.9008378,-9.983078872,1.094751161,648.5957111,-3.74,1.101584,810.1,9.82E-05,1.36E-05,0.000826532,NA,NA,0.000910036,NA,0.001035422,0.000884925,0.001105277,1.256106746,0.159159906
15.16.3,15.16.3,3,leaf,4,-3.8,1.101514,604.504986,NA,NA,NA,NA,NA,NA,4.65,1.110751,605.1,NA,NA,NA,-6.857798392,1.098169115,731.7259149,-10.74360948,1.093919374,643.6227786,-2.5,1.102932,723.9,7.85E-05,1.09E-05,0.000659815,NA,NA,0.000660465,NA,0.000798677,0.000702512,0.000790135,0.939073637,0.113779391
2.8.1,02.08.1,1,leaf,8,20.45,1.128019,996.0353238,NA,NA,NA,NA,NA,NA,-11.38,1.093224,840,NA,NA,NA,-12.08009012,1.092457639,808.0428094,-12.0364066,1.092505417,757.6478154,6.34,1.112601,1035.4,0.00015708,2.18E-05,0.002174339,NA,NA,0.001833715,NA,0.001763953,0.001653941,0.002260272,2.502413774,0.325479159
2.8.2,02.08.2,2,leaf,7,-7.07,1.097935,680.0778985,NA,NA,NA,NA,NA,NA,-9.81,1.094944,855.3,NA,NA,NA,-6.670972138,1.098373429,887.374789,-11.71719392,1.09285455,815.6784146,-7.14,1.097855,891.9,0.000137445,1.91E-05,0.00129903,NA,NA,0.001633725,NA,0.001694992,0.001558043,0.001703636,2.095992782,0.24532355
2.8.3,02.08.3,3,leaf,7,-10.07,1.094659,767.0846403,NA,NA,NA,NA,NA,NA,-12.55,1.091939,850.6,NA,NA,NA,-12.87136646,1.091592184,810.2747555,-12.47876315,1.092021594,779.4582363,-13.31,1.091116,981.5,0.000137445,1.91E-05,0.001465223,NA,NA,0.001624748,NA,0.001547722,0.001488859,0.001874782,2.112960099,0.269968679
22.7.1,22.07.1,1,leaf,6,173.37,1.294876,941.5680071,NA,NA,NA,NA,NA,NA,128.39,1.24586,738,NA,NA,NA,-4.144648207,1.101136151,829.4225038,-10.76874896,1.093891878,660.303639,63.79,1.175367,981.4,0.00011781,1.64E-05,0.001541578,NA,NA,0.001208287,NA,0.001357968,0.001081079,0.001606793,1.753493816,0.231378148
22.7.2,22.07.2,2,leaf,7,29.13,1.137507,662.8096838,NA,NA,NA,NA,NA,NA,17.97,1.125319,778.4,NA,NA,NA,-9.17993939,1.095629535,842.3834541,-11.12153108,1.093506038,694.1352434,0.04,1.105711,938,0.000137445,1.91E-05,0.001266046,NA,NA,0.001486837,NA,0.001609053,0.001325881,0.001791692,1.994965894,0.258003689
22.7.3,22.07.3,3,leaf,5,17.93,1.125273,657.8367512,NA,NA,NA,NA,NA,NA,8.2,1.114639,873.3,NA,NA,NA,-12.01285536,1.092531176,834.1996517,-12.24242993,1.092280082,686.695423,-0.51,1.105109,860.4,9.82E-05,1.36E-05,0.000897534,NA,NA,0.001191505,NA,0.001138158,0.000936907,0.001173905,1.444763972,0.169042319
24.2.1,24.02.1,1,leaf,6,114.15,1.230328,1010.014355,NA,NA,NA,NA,NA,NA,27.3,1.13551,870.5,NA,NA,NA,-9.141789639,1.095671258,975.5170823,-12.03753264,1.092504186,820.3772485,41.57,1.151106,1112.8,0.00011781,1.64E-05,0.001653641,NA,NA,0.001425222,NA,0.001597161,0.001343159,0.001821927,2.031932477,0.262357452
24.2.2,24.02.2,2,leaf,4,31.4,1.139989,663.5536658,NA,NA,NA,NA,NA,NA,1.29,1.107076,702.9,NA,NA,NA,-11.55834489,1.093028287,767.0454833,-12.29285105,1.092224934,659.1289305,1.35,1.10715,728.2,7.85E-05,1.09E-05,0.000724267,NA,NA,0.000767213,NA,0.000837228,0.000719437,0.000794828,1.009361601,0.114455246
24.2.3,24.02.3,3,leaf,2.5,35.28,1.144232,646.402922,NA,NA,NA,NA,NA,NA,2.63,1.108546,663.9,NA,NA,NA,-10.58651682,1.094091186,710.8944178,-12.72871655,1.091748208,688.3791718,6.44,1.112713,718.8,4.91E-05,6.82E-06,0.000440967,NA,NA,0.000452903,NA,0.000484962,0.000469602,0.000490355,0.607667346,0.070611122
3.7.1,03.07.1,1,leaf,7,134.24,1.252235,1105.988038,NA,NA,NA,NA,NA,NA,-15.03,1.089227,1368.1,NA,NA,NA,-14.24768972,1.090086802,1319.94161,-16.07662801,1.088086291,1059.743681,-4.04,1.101253,1151.8,0.000137445,1.91E-05,0.00211257,NA,NA,0.002613235,NA,0.002521246,0.002024237,0.002200076,3.084358442,0.316810926
3.7.2,03.07.2,2,leaf,6,42.88,1.152534,758.783367,NA,NA,NA,NA,NA,NA,-11.83,1.092727,849.3,NA,NA,NA,-11.64652322,1.092931844,917.2123846,-13.3063916,1.091116371,920.3057836,-12.1,1.092432,865.5,0.00011781,1.64E-05,0.001242315,NA,NA,0.001390513,NA,0.001501702,0.001506766,0.001417036,1.837165583,0.204053176
3.7.3,03.07.3,3,leaf,6,30.85,1.139389,686.7737369,NA,NA,NA,NA,NA,NA,-14.87,1.089408,1093.1,NA,NA,NA,-13.53392084,1.090867507,871.946951,-12.46907159,1.092032194,923.3208687,-13.67,1.090718,1085.4,0.00011781,1.64E-05,0.001124417,NA,NA,0.001789673,NA,0.001427591,0.001511703,0.001777066,2.075681369,0.255897536
46.3.1,46.03.1,1,leaf,4,44.81,1.154644,878.2512198,NA,NA,NA,NA,NA,NA,3.11,1.109072,830,NA,NA,NA,-6.307254165,1.098771191,781.5335546,-6.888592098,1.098135438,788.6209625,1.31,1.107103,949,7.85E-05,1.09E-05,0.000958609,NA,NA,0.000905942,NA,0.000853042,0.000860777,0.001035831,1.197353907,0.149159611
46.3.2,46.03.2,2,leaf,5,13.26,1.120165,1042.632094,NA,NA,NA,NA,NA,NA,-3.16,1.102209,947.2,NA,NA,NA,-8.413194522,1.09646809,945.0138187,-10.05147374,1.094676359,958.6404371,-6.22,1.09887,1044.8,9.82E-05,1.36E-05,0.001422537,NA,NA,0.001292332,NA,0.00128935,0.001307941,0.001425495,1.733351803,0.205271287
46.3.3,46.03.3,3,leaf,5,-6.7,1.098345,660.7343655,NA,NA,NA,NA,NA,NA,-11.3,1.093307,695.3,NA,NA,NA,-11.64918439,1.092928934,629.9570032,-12.38168906,1.092127768,690.6502749,-11.43,1.093173,647.5,9.82E-05,1.36E-05,0.000901487,NA,NA,0.000948647,NA,0.000859495,0.000942303,0.00088343,1.177284005,0.127213972
5.3.1,05.03.1,1,leaf,7,200.62,1.324548,663.9843923,NA,NA,NA,NA,NA,NA,138.55,1.256929,709.2,NA,NA,NA,-1.674527384,1.103837262,740.8494841,62.44855804,1.173905137,622.0081424,-3.39,1.101961,895.4,0.000137445,1.91E-05,0.00126829,NA,NA,0.001354657,NA,0.001415111,0.00118811,0.001710321,1.839057859,0.246286251
5.3.2,05.03.2,2,leaf,6,38.61,1.147872,675.3399076,NA,NA,NA,NA,NA,NA,17.91,1.12525,700.6,NA,NA,NA,5.432941034,1.111608553,719.9396731,6.049082762,1.112282183,658.6590472,-2.96,1.102436,785.6,0.00011781,1.64E-05,0.001105697,NA,NA,0.001147054,NA,0.001178718,0.001078387,0.00128622,1.519937603,0.185215685
5.3.3,05.03.3,3,leaf,6,25.02,1.133023,622.2430841,NA,NA,NA,NA,NA,NA,12.41,1.119238,627.8,NA,NA,NA,-10.43129137,1.094260956,633.7552273,-1.07099087,1.104497215,622.4780258,-7.67,1.097278,655.8,0.00011781,1.64E-05,0.001018765,NA,NA,0.001027863,NA,0.001037613,0.001019149,0.001073706,1.345556013,0.154613603
5.9.1,05.09.1,1,leaf,7,0.74,1.106475,754.9459859,NA,NA,NA,NA,NA,NA,-1.38,1.104162,861.5,NA,NA,NA,-7.689787705,1.097259235,908.7936404,17.42775548,1.124720887,864.7420723,16.35,1.123541,937.6,0.000137445,1.91E-05,0.001442037,NA,NA,0.001645568,NA,0.001735905,0.001651761,0.001790928,2.172120222,0.257893666
5.9.2,05.09.2,2,leaf,5.5,3.45,1.109438,722.7981304,NA,NA,NA,NA,NA,NA,1.03,1.106797,762.9,NA,NA,NA,-3.781546759,1.101533217,813.5639393,3.784967534,1.109806771,742.9248024,-0.54,1.105075,844.2,0.000107992,1.50E-05,0.001084781,NA,NA,0.001144967,NA,0.001221004,0.001114988,0.001266982,1.527932324,0.182445466
5.9.3,05.09.3,3,leaf,7,-8.51,1.096365,649.1830654,NA,NA,NA,NA,NA,NA,-10.51,1.094173,634.6,NA,NA,NA,-12.89524917,1.091566063,784.6661106,-5.518894885,1.09963333,714.6534849,-9.07,1.095753,745.8,0.000137445,1.91E-05,0.001240017,NA,NA,0.001212162,NA,0.001498806,0.001365074,0.001424567,1.740718644,0.205137688
58.5.1,58.05.1,1,leaf,8.5,142.16,1.260864,732.9397803,NA,NA,NA,NA,NA,NA,-13.01,1.091444,1109.7,NA,NA,NA,-11.62481629,1.092955586,947.1674509,80.07407939,1.19314731,782.5124783,76.16,1.18888,1103.3,0.000166897,2.32E-05,0.001700003,NA,NA,0.002573873,NA,0.00219689,0.001814984,0.002559028,2.987775484,0.368500075
58.5.2,58.05.2,2,leaf,7,6.76,1.113062,1474.337462,NA,NA,NA,NA,NA,NA,-15.58,1.088634,1441.2,NA,NA,NA,-15.80002138,1.088388851,1274.989432,-6.433964022,1.098632622,1233.287281,-8.58,1.096289,1661.3,0.000137445,1.91E-05,0.002816161,NA,NA,0.002752865,NA,0.002435382,0.002355726,0.003173282,3.549284574,0.456952589
58.5.3,58.05.3,3,leaf,3,8.55,1.115019,1529.979487,NA,NA,NA,NA,NA,NA,-12.65,1.091833,1749.9,NA,NA,NA,-10.2498707,1.094459374,1380.125841,-5.383865918,1.099780994,1200.591228,0.05,1.105722,1447.1,5.89E-05,8.19E-06,0.001252476,NA,NA,0.001432508,NA,0.001129802,0.000982831,0.001184629,1.60728389,0.170586569
6.6.1,06.06.1,1,leaf,4,61.46,1.172821,1318.962686,NA,NA,NA,NA,NA,NA,-0.22,1.105427,1257.2,NA,NA,NA,-8.614823794,1.096247578,1435.415454,-12.162385,1.09236763,1453.036081,7.54,1.113911,1516,7.85E-05,1.09E-05,0.001439644,NA,NA,0.00137223,NA,0.001566752,0.001585984,0.001654709,1.956274608,0.238278156
6.6.2,06.06.2,2,leaf,5,12.17,1.118974,714.4577002,NA,NA,NA,NA,NA,NA,1.39,1.107191,729.7,NA,NA,NA,-4.049557344,1.101240137,920.6190392,-4.099303198,1.101185738,710.3853774,-2.77,1.102644,985.1,9.82E-05,1.36E-05,0.000974786,NA,NA,0.000995582,NA,0.001256066,0.000969229,0.001344042,1.458860592,0.193542061
6.6.3,06.06.3,3,leaf,6,-8.57,1.096297,657.1319261,NA,NA,NA,NA,NA,NA,-11.21,1.093406,670.2,NA,NA,NA,-13.09632103,1.091346139,803.6572311,-12.27006634,1.092249855,637.0052541,-12.59,1.091905,709.1,0.00011781,1.64E-05,0.001075886,NA,NA,0.001097282,NA,0.001315784,0.001042934,0.001160971,1.492441311,0.167179789
63.4.1,63.04.1,1,leaf,6.5,-11.39,1.093216,545.6912479,NA,NA,NA,NA,NA,NA,87.82,1.201605,1052.1,NA,NA,NA,-11.6357483,1.092943629,1128.346656,22.58881665,1.130361719,1068.123268,1.79,1.107626,1001.2,0.000127627,1.77E-05,0.000967883,NA,NA,0.001866091,NA,0.002001329,0.001894512,0.001775811,2.306152608,0.255716784
63.4.2,63.04.2,2,leaf,5,0.8,1.106539,921.0106086,NA,NA,NA,NA,NA,NA,17.4,1.124687,702.6,NA,NA,NA,-0.49622354,1.105125701,789.6390432,3.514314351,1.109510851,726.8312962,-0.94,1.104645,721.6,9.82E-05,1.36E-05,0.0012566,NA,NA,0.000958607,NA,0.001077361,0.000991668,0.00098453,1.331693543,0.141772359
63.4.3,63.04.3,3,leaf,3.5,-5.67,1.099467,617.0743668,NA,NA,NA,NA,NA,NA,8.61,1.115078,602.4,NA,NA,NA,-9.484804181,1.095296114,655.1740787,-2.809674788,1.102595981,595.1856321,-7.53,1.097435,668.6,6.87E-05,9.55E-06,0.000589343,NA,NA,0.000575328,NA,0.00062573,0.000568438,0.000638553,0.779375804,0.091951635