Core_ID,Mesh_Type,Label_Type,Core_Depth_cm,d13_day1,atom_percent_day1,ppmv_day1,d13_day2,atom_percent_day2,ppmv_day2,d13_day3,atom_percent_day3,ppmv_day3,d13_day4,atom_percent_day4,ppmv_day4,d13_day5,atom_percent_day5,ppmv_day5,d13_day6,atom_percent_day6,ppmv_day6,d13_day7,atom_percent_day7,ppmv_day7,d13_day9,atom_percent_day9,ppmv_day9
1.5.1,1,leaf,5,73.75,1.186240,1012.872812,,,,,,,-4.47,1.100782,760.3,,,,4.811007947,1.110928581,1125.683984,-0.665228085,1.104940902,722.2107762,35.15,1.144085,978.80
1.5.2,2,leaf,5,3.32,1.109294,739.1265783,,,,,,,-6.77,1.098265,807.7,,,,-8.626690336,1.0962346,376.4549123,,,,-5.96,1.099149,855.70
1.5.3,3,leaf,7,-11.25,1.093362,587.3933991,,,,,,,-12.17,1.092364,661,,,,-10.88233374,1.09376765,661.5175045,,,,-12.24,1.092277,654.80
1.13.1,1,starch,4,19.12,1.126569,795.3168008,177.4884304,1.299361717,817.0097508,6.676755299,1.112968411,701.6142207,64.29,1.175918,806.1,-4.106160045,1.10117824,606.110421,,,,,,,,,
1.13.2,2,starch,7,-8.00,1.096919,799.7023792,42.577148,1.152202086,663.1620963,-4.406370601,1.100849946,700.635297,16.99,1.124242,659.8,48.04540913,1.158175333,860.6305926,,,,,,,,,
1.13.3,3,starch,5,-9.96,1.094775,744.6477082,47.49120591,1.157569983,673.3037463,-10.00739167,1.094724571,665.1591008,,,,-2.13760801,1.103330888,664.7675313,,,,,,,,,
10.2.1,1,starch,7.5,25.33,1.133360,824.0971587,48.95963351,1.159173914,900.9622505,15.13292995,1.122212529,837.9587188,0.48,1.10619,901.1,0.324333684,1.106022936,763.9520843,,,,,,,,,
10.2.2,2,starch,5.5,-8.28,1.096613,931.7787698,-9.345473677,1.095448495,739.6747756,-6.344728044,1.09873021,774.6027746,-9.88,1.094861,871.6,-8.2775077,1.096616483,740.5362285,,,,,,,,,
10.2.3,3,starch,5.5,5.00,1.111139,683.0146697,,,,-9.26323727,1.095538435,627.6075862,-11.62,1.092964,686.3,-9.993717718,1.094739526,615.2339902,,,,,,,,,
10.4.1,1,water,7,,,,101.9904248,1.217063423,967.1020365,,,,-13.79,1.090589,755,,,,-15.45320052,1.088768211,797.470433,-10.51647915,1.094167786,654.5475675,-16.63,1.087484,1041.00
10.4.2,2,water,7,,,,38.42429666,1.147665243,761.3187409,,,,-15.67,1.08853,787,,,,-16.914039,1.087170295,948.2246885,-13.38472251,1.091030696,697.8551536,-17.19,1.086872,904.00
10.4.3,3,water,5.5,,,,42.39910652,1.152007591,671.2190277,,,,-16.25,1.087901,830,,,,-16.0752657,1.088087781,882.3235426,-14.34537912,1.08997995,675.5356924,-15.94,1.088236,793.00
11.6.1,1,starch,5.5,-5.86,1.099262,864.3896597,-3.225137871,1.102141666,912.3569228,-5.467276198,1.099689779,960.8332263,-5.28,1.099895,1117.9,240.7529463,1.368219095,666.7253787,,,,,,,,,
11.6.2,2,starch,4,13.76,1.120714,607.7941698,13.39988478,1.12031814,670.5627598,14.12675515,1.12111269,666.5687509,-1.34,1.104203,771.9,31.16895852,1.139738043,787.5245679,,,,,,,,,
11.6.3,3,starch,4,-3.67,1.101652,770.6479227,-4.486883174,1.100761901,914.510555,-7.092651639,1.097912276,890.8989145,-10.32,1.09438,933.3,16.5372032,1.123747485,782.3558506,,,,,,,,,
11.10.1,1,leaf,5,13.54,1.120470,1051.677349,,,,,,,-9.52,1.095252,1141.3,,,,-10.87437027,1.09377636,1107.084433,27.73421155,1.135984787,1013.02944,26.2,1.134313,1158.70
11.10.2,2,leaf,3.5,18.15,1.125514,685.9514409,,,,,,,8.48,1.114935,756.7,,,,6.782421806,1.113083934,801.346971,11.99670402,1.118784272,712.3823818,8.33,1.114776,793.90
11.10.3,3,leaf,4.5,-10.20,1.094516,1238.495155,,,,,,,-13.4,1.091015,1238.7,,,,-14.79598654,1.089487078,1422.297876,-11.03261409,1.093603287,1245.856662,-10.46,1.094232,1384.00
12.1.1,1,leaf,7,-0.90,1.104685,710.1895927,,,,,,,-9.14,1.095673,835,,,,-9.980289994,1.094754211,839.4075259,63.96155358,1.175557202,725.8523725,39.71,1.149072,998.70
12.1.2,2,leaf,5,-6.23,1.098861,647.0685901,,,,,,,-11.43,1.093171,680,,,,-8.622477509,1.096239208,798.0969442,2.010217542,1.107866307,645.6589399,7.7,1.114086,748.60
12.1.3,3,leaf,5,-2.45,1.102984,627.9208418,,,,,,,-9.43,1.095351,657.2,,,,-11.29263296,1.093318901,757.3737168,-1.122771733,1.104440594,626.6286625,-3.41,1.101937,709.30
12.5.1,1,leaf,6.5,225.83,1.351986,666.0205537,,,,,,,-8.5,1.096372,718.2,,,,-6.502786495,1.098557357,685.8339701,51.45270941,1.161896927,639.6679267,92.36,1.206552,854.10
12.5.2,2,leaf,5.5,36.65,1.145731,590.565112,,,,,,,-8.42,1.096465,680,,,,-8.074176998,1.096838854,701.2618082,4.148478606,1.110204215,618.3665461,34.39,1.143259,819.20
12.5.3,3,leaf,4.5,22.83,1.130622,620.794277,,,,,,,-9.32,1.095481,689.4,,,,-11.87485319,1.092682113,693.3912613,-1.435246668,1.104098911,641.1167338,0.06,1.105736,658.60
12.9.1,1,leaf,6.5,64.76,1.176431,799.6632222,,,,,,,89.74,1.203692,747.1,,,,-7.856127795,1.09707732,809.4133026,54.85529534,1.165613093,696.0539339,61.02,1.172348,828.30
12.9.2,2,leaf,7,-2.04,1.103439,687.2827772,,,,,,,15.12,1.122203,811.4,,,,-9.059239629,1.09576154,784.9010523,3.927272895,1.10996236,709.9938079,0.22,1.105904,806.70
12.9.3,3,leaf,7,-8.45,1.096425,736.1898071,,,,,,,-1.54,1.103989,887,,,,-13.59743219,1.09079804,767.0063264,-0.520439431,1.105099222,614.1767525,-5.49,1.09966,667.90
14.9.1,1,water,6,21.97,1.129682,779.4340271,-13.2522428,1.091175597,836.9182798,86.18346545,1.199815314,907.6189319,-15.85,1.088335,906,-13.14937124,1.091288115,864.4288167,,,,,,,,,
14.9.2,2,water,7,-2.92,1.102473,760.1269457,-13.49621064,1.090908754,650.2037065,14.57391431,1.121601478,799.5065944,-14.94,1.089325,744,-15.73568238,1.088459227,781.1419851,,,,,,,,,
14.9.3,3,water,6,-5.30,1.099873,651.7927667,-12.46493233,1.092036722,588.3495383,14.18687686,1.121178409,686.0297548,-13.18,1.09126,632,-13.2489284,1.091179223,648.4782403,,,,,,,,,
14.10.1,1,starch,8,23.94,1.131839,688.3791718,-1.678815241,1.103832573,639.3155141,285.161953,1.416496691,681.4483917,-2.26,1.103199,689.3,2.260568487,1.108140038,711.5600859,,,,,,,,,
14.10.2,2,starch,4,18.75,1.126166,953.5500337,50.90274934,1.161296257,893.8356857,73.46316313,1.185930904,942.9776573,13.66,1.120603,938.6,4.163787424,1.110220952,926.923308,,,,,,,,,
14.10.3,3,starch,4,3.10,1.109061,768.7292321,-10.39292843,1.094302913,730.1596369,44.23091777,1.154008656,692.4514946,-12.49,1.092005,703.2,-12.91251772,1.091547175,716.4547046,,,,,,,,,
15.16.1,1,leaf,6,-1.51,1.104020,639.8245545,,,,,,,19.37,1.126845,663.7,,,,-8.094622594,1.096816494,942.1162044,-10.27842253,1.094428147,749.464013,11.05,1.117753,916.40
15.16.2,2,leaf,5,-0.52,1.105095,605.7971654,,,,,,,8.8,1.115285,667,,,,-6.116023678,1.09898032,758.9008378,-9.983078872,1.094751161,648.5957111,-3.74,1.101584,810.10
15.16.3,3,leaf,4,-3.80,1.101514,604.504986,,,,,,,4.65,1.110751,605.1,,,,-6.857798392,1.098169115,731.7259149,-10.74360948,1.093919374,643.6227786,-2.5,1.102932,723.90
17.1.1,1,starch,5,15.62,1.122747,756.3556361,14.85980315,1.121913979,692.0599251,3.74729543,1.109765582,685.0508311,100.73,1.215684,622.4,-12.97585029,1.091477905,648.6348681,,,,,,,,,
17.1.2,2,starch,8.5,10.63,1.117291,638.3365904,2.198108525,1.108071745,639.7070836,-5.930214865,1.099183518,619.6195685,18.3,1.125675,610.7,-11.22793786,1.093389659,889.4109504,,,,,,,,,
17.1.3,3,starch,3,-10.73,1.093934,1070.159429,,,,-11.57385326,1.093011325,1121.415876,-2.68,1.102734,1027.2,-12.14565775,1.092385925,901.1971922,,,,,,,,,
17.6.1,1,starch,7,-9.93,1.094809,832.6725306,117.1634994,1.233614191,765.1659497,-9.454103252,1.09532969,714.5360141,28,1.136272,676.2,-14.98493959,1.0892804,1037.854946,,,,,,,,,
17.6.2,2,starch,5,-9.52,1.095256,912.5527076,15.98408673,1.123142901,903.4682953,-9.44851885,1.095335798,781.4552407,10.74,1.117405,753.4,-7.340852647,1.097640839,662.3398004,,,,,,,,,
17.6.3,3,starch,8,-12.87,1.091598,649.6921057,29.24849823,1.137639531,631.2491825,-12.40588028,1.092101309,646.2854511,24.59,1.132551,623,-3.32234782,1.102035364,683.4062392,,,,,,,,,
18.5.1,1,starch,6,64.59,1.176240,701.5359068,221.8651062,1.347671548,629.5262767,174.6786664,1.296301327,714.3010724,-1.27,1.104276,685.6,-10.98800701,1.093652075,805.9283341,,,,,,,,,
18.5.2,2,starch,5,40.94,1.150416,617.3484655,49.19493854,1.159430928,617.8575058,35.51894926,1.144491006,652.7463478,-8.26,1.096634,631.6,-1.166121467,1.104393193,677.0628134,,,,,,,,,
18.5.3,3,starch,4,7.69,1.114074,765.9882457,31.14605573,1.139713018,764.970165,13.01550391,1.119897964,847.2780728,-12.33,1.092184,825.7,-0.893837024,1.104690927,651.9632088,,,,,,,,,
19.5.1,1,water,6,,,,-12.91342742,1.09154618,627.9171373,,,,-12.27,1.092245,646,,,,-15.9968359,1.08817357,752.7923537,-13.46907887,1.090938429,640.5293795,-18.35,1.085602,1005.00
19.5.2,2,water,6.5,,,,-9.844887743,1.094902299,812.6453853,,,,-13.75,1.090635,751,,,,-17.44219105,1.086592571,1065.029869,-15.47916412,1.088739812,775.6991691,-18.81,1.085094,1309.00
19.5.3,3,water,7,,,,-11.91759908,1.092635361,572.3794833,,,,-12.04,1.092498,580,,,,-13.26859738,1.091157709,617.6617211,-12.45279086,1.092050001,580.0318926,-13.24,1.091194,606.00
2.5.1,1,water,7.5,-18.96,1.084937,1112.222959,-17.97190101,1.086013137,957.1306838,-18.08543201,1.085888948,1114.328464,808.8,1.982208,965,-17.87180735,1.086122627,931.7396128,,,,,,,,,
2.5.2,2,water,3,-15.70,1.088499,813.2412829,-18.12025383,1.085850857,997.2544538,-19.07629896,1.084805045,1180.195009,68.78,1.18082,1363,-19.41591911,1.084433532,1213.747963,,,,,,,,,
2.5.3,3,water,9,-12.29,1.092230,829.9264149,-10.40598141,1.094288637,672.5300023,-13.50082354,1.090903708,901.8313889,27.29,1.135495,977,-13.01103999,1.091439416,689.9062928,,,,,,,,,
2.8.1,1,leaf,8,20.45,1.128019,996.0353238,,,,,,,-11.38,1.093224,840,,,,-12.08009012,1.092457639,808.0428094,-12.0364066,1.092505417,757.6478154,6.34,1.112601,1035.40
2.8.2,2,leaf,7,-7.07,1.097935,680.0778985,,,,,,,-9.81,1.094944,855.3,,,,-6.670972138,1.098373429,887.374789,-11.71719392,1.09285455,815.6784146,-7.14,1.097855,891.90
2.8.3,3,leaf,7,-10.07,1.094659,767.0846403,,,,,,,-12.55,1.091939,850.6,,,,-12.87136646,1.091592184,810.2747555,-12.47876315,1.092021594,779.4582363,-13.31,1.091116,981.50
2.10.1,1,starch,7.5,2407.38,3.669753,1306.158364,254.2839454,1.382933824,870.380673,29.40323902,1.137808622,892.7392911,-8.77,1.09608,818.9,1.6736927,1.107498351,837.7629341,,,,,,,,,
2.10.2,2,starch,8,93.63,1.207941,956.6825896,55.49119386,1.166307564,853.7781264,-4.956304921,1.100248561,754.0453761,-10.23,1.094485,890.4,-7.610166951,1.097346311,910.7514879,,,,,,,,,
2.10.3,3,starch,5,165.47,1.286267,786.1149177,39.88377812,1.149259723,718.1776104,-10.36447958,1.094334027,645.7372538,-13.7,1.090684,745.2,-12.12365696,1.092409988,638.649846,,,,,,,,,
2.13.1,1,water,3.5,19.70,1.127200,717.0634144,109.7223401,1.225498078,1077.581447,186.5478076,1.30922788,877.0420498,318.68,1.452902,839,-12.28056613,1.092238371,711.3251442,,,,,,,,,
2.13.2,2,water,4,62.44,1.173891,1072.337548,37.25794487,1.14639097,690.367203,41.88182419,1.151442499,663.397038,54.41,1.165127,731,-12.94295294,1.091513886,628.547353,,,,,,,,,
2.13.3,3,water,6.5,10.44,1.117088,713.6469349,25.20730871,1.133223379,679.4026877,42.50594853,1.152124307,619.1105282,46.64,1.156643,704,-13.08909805,1.091354039,638.3365904,,,,,,,,,
20.4.1,1,starch,6,16.86,1.124098,834.9044767,108.9830076,1.224691611,717.1986866,124.0298954,1.241102223,874.1005832,163.77,1.28442,987.3,-3.567756696,1.101767003,597.8091477,,,,,,,,,
20.4.2,2,starch,4,-12.99,1.091464,820.1814637,35.36064055,1.14431804,757.3737168,18.31973754,1.125695834,837.5279924,8.96,1.11546,1004.3,-4.989491096,1.10021227,718.3733951,,,,,,,,,
20.4.3,3,starch,2,33.76,1.142573,711.1293595,81.06480308,1.194228683,639.5112989,47.1887406,1.1572396,756.394793,36.8,1.145894,785.3,-9.483845733,1.095297162,664.963316,,,,,,,,,
20.9.1,1,water,4,,,,90.75355681,1.204802688,1059.58534,,,,-17.89,1.086107,1077,,,,-18.10397575,1.085868663,1068.788936,27.05646936,1.135244163,981.155683,15.4,1.122506,1152.00
20.9.2,2,water,6,,,,16.05708505,1.123222692,896.5477637,,,,-17.34,1.086702,997,,,,-18.1600017,1.085807377,1045.568865,-9.642690988,1.095123437,894.4621969,-12.23,1.092292,1054.00
20.9.3,3,water,5.5,,,,31.09682072,1.139659219,614.7676641,,,,-13.8,1.090578,673,,,,-17.26695524,1.086784255,909.7334072,-2.707252668,1.102707981,592.7579012,-2.97,1.102416,591.00
22.6.1,1,water,5,939.27,2.122150,1120.803884,-10.95998642,1.093682721,682.3027225,123.8709993,1.240928954,853.3474,60.67,1.171962,770,-13.16789838,1.09126785,658.1500068,,,,,,,,,
22.6.2,2,water,7,0.14,1.105825,793.5766629,-13.3285591,1.091092125,711.1044386,19.87791022,1.127398888,690.7677457,8.09,1.114516,747,-14.0223533,1.090333271,723.5421124,,,,,,,,,
22.6.3,3,water,4,-4.53,1.100718,751.6652002,-14.17113574,1.090170535,718.9305601,23.02899408,1.130842785,688.261701,21.86,1.129565,763,-13.82500221,1.09054913,665.1982577,,,,,,,,,
22.7.1,1,leaf,6,173.37,1.294876,941.5680071,,,,,,,128.39,1.24586,738,,,,-4.144648207,1.101136151,829.4225038,-10.76874896,1.093891878,660.303639,63.79,1.175367,981.40
22.7.2,2,leaf,7,29.13,1.137507,662.8096838,,,,,,,17.97,1.125319,778.4,,,,-9.17993939,1.095629535,842.3834541,-11.12153108,1.093506038,694.1352434,0.04,1.105711,938.00
22.7.3,3,leaf,5,17.93,1.125273,657.8367512,,,,,,,8.2,1.114639,873.3,,,,-12.01285536,1.092531176,834.1996517,-12.24242993,1.092280082,686.695423,-0.51,1.105109,860.40
24.2.1,1,leaf,6,114.15,1.230328,1010.014355,,,,,,,27.3,1.13551,870.5,,,,-9.141789639,1.095671258,975.5170823,-12.03753264,1.092504186,820.3772485,41.57,1.151106,1112.80
24.2.2,2,leaf,4,31.40,1.139989,663.5536658,,,,,,,1.29,1.107076,702.9,,,,-11.55834489,1.093028287,767.0454833,-12.29285105,1.092224934,659.1289305,1.35,1.10715,728.20
24.2.3,3,leaf,2.5,35.28,1.144232,646.402922,,,,,,,2.63,1.108546,663.9,,,,-10.58651682,1.094091186,710.8944178,-12.72871655,1.091748208,688.3791718,6.44,1.112713,718.80
28.1.1,1,starch,4,-6.33,1.098742,875.3536056,13.13150929,1.120024773,855.8142878,16.90051219,1.124144596,914.4322411,13.37,1.120289,840.2,-13.82020522,1.090554377,862.2360275,,,,,,,,,
28.1.2,2,starch,5,7.79,1.114183,724.0511528,1.826536716,1.107665471,668.7615401,0.862981897,1.106611909,741.5934661,-4.97,1.100231,654.8,7.460728256,1.113825507,832.7116876,,,,,,,,,
28.1.3,3,starch,5,-11.53,1.093056,932.5619087,-9.789029728,1.094963389,807.1421996,-10.58984544,1.094087546,890.0766186,-11.99,1.092552,800.8,-3.8965617,1.101407444,712.1082832,,,,,,,,,
3.7.1,1,leaf,7,134.24,1.252235,1105.988038,,,,,,,-15.03,1.089227,1368.1,,,,-14.24768972,1.090086802,1319.94161,-16.07662801,1.088086291,1059.743681,-4.04,1.101253,1151.80
3.7.2,2,leaf,6,42.88,1.152534,758.783367,,,,,,,-11.83,1.092727,849.3,,,,-11.64652322,1.092931844,917.2123846,-13.3063916,1.091116371,920.3057836,-12.1,1.092432,865.50
3.7.3,3,leaf,6,30.85,1.139389,686.7737369,,,,,,,-14.87,1.089408,1093.1,,,,-13.53392084,1.090867507,871.946951,-12.46907159,1.092032194,923.3208687,-13.67,1.090718,1085.40
33.10.1,1,water,6,5.41,1.111585,897.9381914,-13.48186265,1.090924447,631.8897878,86.79666486,1.200484532,698.7166065,-11.58,1.093008,629,-12.17744723,1.092351156,675.6923202,,,,,,,,,
33.10.2,2,water,4,-8.25,1.096642,886.3777785,-14.59025207,1.08971211,720.0429022,12.25163071,1.119062945,803.8530158,-13.77,1.090613,675,-12.91826442,1.09154089,620.6768062,,,,,,,,,
33.10.3,3,water,5,-2.24,1.103220,635.7432587,-11.20639537,1.093413221,612.1854413,17.32857857,1.124612485,628.3515683,-12.06,1.092483,594,-13.03238756,1.091416067,636.339586,,,,,,,,,
34.6.1,1,starch,5,77.35,1.190171,812.6633294,227.3141026,1.353600236,580.9716594,139.8965923,1.258401039,817.7537329,159.7,1.279989,733.2,-9.990725988,1.094742798,582.851193,,,,,,,,,
34.6.2,2,starch,4,25.29,1.133318,640.5293795,33.60336551,1.142398024,659.3247153,23.16824332,1.130994969,704.0419516,25.2,1.133221,619.8,-6.479183009,1.09858317,693.1563196,,,,,,,,,
34.6.3,3,starch,5,-8.38,1.096506,630.113631,37.95095067,1.147148103,594.1283944,10.89766526,1.11758284,696.3671895,10.2,1.116822,614.5,-7.937340364,1.096988504,675.6531632,,,,,,,,,
37.4.1,1,starch,4,-5.81,1.099311,707.8010187,13.81309135,1.120769822,783.1781465,0.766888264,1.106506838,739.1657353,-6.1,1.099,706.5,-13.83015878,1.09054349,772.3708284,,,,,,,,,
37.4.2,2,starch,6.5,-11.80,1.092761,773.2322813,-10.65345919,1.094017971,694.3701851,-12.9363741,1.091521082,834.5912212,-12.75,1.091727,828.1,-4.540935933,1.100702792,739.9880312,,,,,,,,,
37.4.3,3,starch,7.5,-12.91,1.091551,593.4627263,-12.47772032,1.092022735,695.8581492,-12.49772076,1.092000859,785.0185231,-11.68,1.092892,603.4,-13.17339039,1.091261843,853.2299291,,,,,,,,,
4.7.1,1,water,5.5,,,,87.41634127,1.20116081,1072.695087,,,,-16.77,1.087322,861,,,,-18.66599978,1.085253872,1077.403465,-14.27507308,1.09005685,689.6321942,-18.94,1.084956,1036.00
4.7.2,2,water,3.5,,,,20.0884152,1.127628961,712.7729518,,,,-14.76,1.089521,688,,,,-14.84070874,1.08943816,764.5785955,-17.59699458,1.086423237,978.2972257,-14.52,1.08979,803.00
4.7.3,3,water,7,,,,27.27384531,1.135481709,652.5078438,,,,-13.09,1.091351,667,,,,-15.23248183,1.089009636,758.3134836,-13.47422669,1.090932799,784.8227384,-15.7,1.0885,761.00
43.2.1,1,starch,7,39.45,1.148781,786.4673302,103.9960384,1.219251462,747.936892,-11.50558746,1.093085989,546.4743869,-11.43,1.093164,884.8,-12.15546909,1.092375194,684.0719074,,,,,,,,,
43.2.2,2,starch,5.5,3.04,1.108996,799.075868,17.32602235,1.124609691,898.8086183,23.95540146,1.131855233,867.2089601,-12.35,1.092163,784,-9.815170885,1.094934799,709.9938079,,,,,,,,,
43.2.3,3,starch,8.5,-3.88,1.101423,737.3645156,10.58990724,1.117246404,818.1453024,7.101898533,1.11343321,810.8229528,-12.34,1.092168,645.7,-12.2550118,1.092266321,755.4158693,,,,,,,,,
43.10.1,1,water,4.5,17.56,1.124860,903.4601756,194.1100505,1.317462071,741.0979499,-14.38298512,1.089938817,800.9162446,103.77,1.219008,755,164.5925241,1.285313957,688.0267593,,,,,,,,,
43.10.2,2,water,4,-11.07,1.093565,999.4394116,-8.370383624,1.09651491,1302.71155,-17.32093643,1.086725207,985.3846336,3.97,1.110004,908,11.98145974,1.118767608,875.001193,,,,,,,,,
43.10.3,3,water,3.5,-16.63,1.087485,1451.288679,3.584024543,1.109587069,949.6621009,-20.41672119,1.08333873,1517.018537,-12.17,1.092363,1316,-4.426150662,1.100828315,1044.47247,,,,,,,,,
46.3.1,1,leaf,4,44.81,1.154644,878.2512198,,,,,,,3.11,1.109072,830,,,,-6.307254165,1.098771191,781.5335546,-6.888592098,1.098135438,788.6209625,1.31,1.107103,949.00
46.3.2,2,leaf,5,13.26,1.120165,1042.632094,,,,,,,-3.16,1.102209,947.2,,,,-8.413194522,1.09646809,945.0138187,-10.05147374,1.094676359,958.6404371,-6.22,1.09887,1044.80
46.3.3,3,leaf,5,-6.70,1.098345,660.7343655,,,,,,,-11.3,1.093307,695.3,,,,-11.64918439,1.092928934,629.9570032,-12.38168906,1.092127768,690.6502749,-11.43,1.093173,647.50
48.1.1,1,starch,7,-10.39,1.094305,1182.265776,-18.34738767,1.085602399,1722.200952,-15.06999391,1.089187367,1242.175908,83.84,1.197255,973.7,-10.92110894,1.093725242,589.5470313,,,,,,,,,
48.1.2,2,starch,6.5,-10.84,1.093815,921.9895324,-10.30719046,1.094396684,620.8725909,-10.14378033,1.094575404,850.0973731,3.36,1.109343,1060.4,-15.75688399,1.088436036,952.8060516,,,,,,,,,
48.1.3,3,starch,6.5,-12.22,1.092305,733.7229193,-12.34491005,1.092167995,645.3848413,-13.63385005,1.090758208,713.9878168,4.93,1.111057,634.1,-8.998406555,1.095828071,627.4509584,,,,,,,,,
5.3.1,1,leaf,7,200.62,1.324548,663.9843923,,,,,,,138.55,1.256929,709.2,,,,-1.674527384,1.103837262,740.8494841,62.44855804,1.173905137,622.0081424,-3.39,1.101961,895.40
5.3.2,2,leaf,6,38.61,1.147872,675.3399076,,,,,,,17.91,1.12525,700.6,,,,5.432941034,1.111608553,719.9396731,6.049082762,1.112282183,658.6590472,-2.96,1.102436,785.60
5.3.3,3,leaf,6,25.02,1.133023,622.2430841,,,,,,,12.41,1.119238,627.8,,,,-10.43129137,1.094260956,633.7552273,-1.07099087,1.104497215,622.4780258,-7.67,1.097278,655.80
5.9.1,1,leaf,7,0.74,1.106475,754.9459859,,,,,,,-1.38,1.104162,861.5,,,,-7.689787705,1.097259235,908.7936404,17.42775548,1.124720887,864.7420723,16.35,1.123541,937.60
5.9.2,2,leaf,5.5,3.45,1.109438,722.7981304,,,,,,,1.03,1.106797,762.9,,,,-3.781546759,1.101533217,813.5639393,3.784967534,1.109806771,742.9248024,-0.54,1.105075,844.20
5.9.3,3,leaf,7,-8.51,1.096365,649.1830654,,,,,,,-10.51,1.094173,634.6,,,,-12.89524917,1.091566063,784.6661106,-5.518894885,1.09963333,714.6534849,-9.07,1.095753,745.80
52.4.1,1,starch,6,30.03,1.138492,890.0766186,89.84873527,1.20381529,678.90319,179.3039322,1.301339057,671.1109571,101.7,1.216746,707.3,20.56125007,1.128145747,597.9266185,,,,,,,,,
52.4.2,2,starch,4,-1.61,1.103906,1026.969314,5.618924144,1.11181189,1109.003123,15.05163541,1.122123668,850.7238843,15.15,1.122233,595.4,299.9791335,1.432594123,653.8035854,,,,,,,,,
52.4.3,3,starch,5,41.43,1.150945,657.8367512,68.14572353,1.180125679,709.3281398,35.81078415,1.14480986,678.0417371,6.58,1.112857,726.4,,,,,,,,,,,,
55.11.1,1,starch,6,5.32,1.111488,634.6558371,156.2176321,1.276188884,619.3846268,-6.987248072,1.098027547,653.2553881,-11.61,1.09297,624.6,-5.996198262,1.099111359,595.4205737,,,,,,,,,
55.11.2,2,starch,5,2.63,1.108545,717.6294131,25.45391283,1.133492876,689.3580955,-0.727023857,1.104873331,730.2379508,-5.81,1.099314,746,-10.72671262,1.093937854,686.1863826,,,,,,,,,
55.11.3,3,starch,4,-7.94,1.096986,597.3784212,20.94343677,1.128563455,621.3033174,-8.159083022,1.096745997,602.5862955,-12.04,1.092498,604.9,-3.116160874,1.102260834,625.1015415,,,,,,,,,
58.5.1,1,leaf,8.5,142.16,1.260864,732.9397803,,,,,,,-13.01,1.091444,1109.7,,,,-11.62481629,1.092955586,947.1674509,80.07407939,1.19314731,782.5124783,76.16,1.18888,1103.30
58.5.2,2,leaf,7,6.76,1.113062,1474.337462,,,,,,,-15.58,1.088634,1441.2,,,,-15.80002138,1.088388851,1274.989432,-6.433964022,1.098632622,1233.287281,-8.58,1.096289,1661.30
58.5.3,3,leaf,3,8.55,1.115019,1529.979487,,,,,,,-12.65,1.091833,1749.9,,,,-10.2498707,1.094459374,1380.125841,-5.383865918,1.099780994,1200.591228,0.05,1.105722,1447.10
6.6.1,1,leaf,4,61.46,1.172821,1318.962686,,,,,,,-0.22,1.105427,1257.2,,,,-8.614823794,1.096247578,1435.415454,-12.162385,1.09236763,1453.036081,7.54,1.113911,1516.00
6.6.2,2,leaf,5,12.17,1.118974,714.4577002,,,,,,,1.39,1.107191,729.7,,,,-4.049557344,1.101240137,920.6190392,-4.099303198,1.101185738,710.3853774,-2.77,1.102644,985.10
6.6.3,3,leaf,6,-8.57,1.096297,657.1319261,,,,,,,-11.21,1.093406,670.2,,,,-13.09632103,1.091346139,803.6572311,-12.27006634,1.092249855,637.0052541,-12.59,1.091905,709.10
63.4.1,1,leaf,6.5,-11.39,1.093216,545.6912479,,,,,,,87.82,1.201605,1052.1,,,,-11.6357483,1.092943629,1128.346656,22.58881665,1.130361719,1068.123268,1.79,1.107626,1001.20
63.4.2,2,leaf,5,0.80,1.106539,921.0106086,,,,,,,17.4,1.124687,702.6,,,,-0.49622354,1.105125701,789.6390432,3.514314351,1.109510851,726.8312962,-0.94,1.104645,721.60
63.4.3,3,leaf,3.5,-5.67,1.099467,617.0743668,,,,,,,8.61,1.115078,602.4,,,,-9.484804181,1.095296114,655.1740787,-2.809674788,1.102595981,595.1856321,-7.53,1.097435,668.60
8.11.1,1,water,7.5,-19.63,1.084204,1287.456572,126.5682002,1.243870041,670.3450445,-16.7660747,1.087332146,865.720996,124.68,1.241815,1086,-16.32871571,1.087810548,865.4468973,,,,,,,,,
8.11.2,2,water,5,-21.02,1.082674,1588.821839,-0.681404093,1.104923214,1431.862418,-18.85495359,1.085047176,1321.938614,-2.45,1.102988,1624,-18.56368544,1.085365793,1430.246737,,,,,,,,,
8.11.3,3,water,5.5,-18.90,1.084999,1540.434956,-3.060691108,1.102321491,1552.750173,-20.86941106,1.082843513,2005.697266,-6.78,1.098256,1764,-19.46359778,1.084381376,1319.784982,,,,,,,,,
9.1.1,1,water,8,,,,-19.36920081,1.084484638,1237.480629,,,,111.66,1.227609,1098,,,,-5.861993459,1.099258124,1152.271552,19.72450355,1.12723122,961.2639527,7.41,1.11377,1266.00
9.1.2,2,water,6,,,,-15.17795117,1.089069283,806.726136,,,,27.33,1.135548,917,,,,94.02302525,1.208370374,876.4500001,-3.52667177,1.101811931,798.9975541,-9.07,1.095747,950.00
9.1.3,3,water,5,,,,-14.11485954,1.090232089,715.0373626,,,,19.2,1.126663,809,,,,13.85350097,1.120813994,671.5025266,6.467535877,1.112739675,674.4784547,-6.95,1.098068,775.00
9.3.1,1,water,6,14.69,1.121726,685.4808429,-14.43784983,1.089878806,693.1083319,-11.58200182,1.093002413,676.2405175,169.29,1.290437,960,-12.08884111,1.092448068,698.5208217,,,,,,,,,
9.3.2,2,water,4.5,130.99,1.248687,741.89248,-14.19397935,1.090145549,685.4013899,-13.020933,1.091428595,631.0533978,22.67,1.130448,726,-14.31572842,1.090012382,690.3761762,,,,,,,,,
9.3.3,3,water,8,50.05,1.160363,779.9107452,-10.6729982,1.093996601,631.7308817,-13.50222979,1.09090217,643.9751911,12.61,1.119452,777,-14.86038113,1.089416643,705.8040143,,,,,,,,,
9.6.1,1,water,1.5,,,,-16.80035831,1.087294645,952.1648707,,,,227.09,1.353357,1120,,,,3.39721308,1.109382817,866.7782336,19.93878677,1.127465424,938.2396664,49.5,1.159768,1078.00
9.6.2,2,water,1.75,,,,-13.73929188,1.090642878,663.7504447,,,,44.02,1.153779,781,,,,22.58840844,1.130361273,698.9515482,1.291684509,1.10708066,720.017987,0.63,1.10636,764.00
9.6.3,3,water,3,,,,-13.70813946,1.090676952,728.9019128,,,,18.51,1.125905,941,,,,156.5398389,1.276539984,836.0400283,-9.556921865,1.09521724,901.0405644,-6.68,1.098363,823.00