"core_ID","Exclusion","Tree_species","Isotope_label","Tree_DBH","x_plot","y_plot","Slope_cardinal","Slope","Slope_angle","Depth","Day5_temp_in","Day5_temp_out","GWC","MBC","MBN","MBC_noneg","MBN_noneg","SRL","Dry_root_wt","D7_inc_Co2","D12_inc_Co2","D21_inc_Co2","D42_inc_Co2","D60_inc_Co2","Unsieved_soil_wt","Sieved_soil_wt","Efflux_d1","Efflux_d2","Efflux_d3","Efflux_d4","Efflux_d5","Efflux_d6","Efflux_d7","Efflux_d9","d13_d2","d13_d3","d13_d4","d13_d5","d13_d6","d13_d7","d13_d9","nag","phos","cbh","lap","a_gluc","b_gluc","per_AMF","Mean_Respiration"
"01_05_1","1","Goeth","L",27.9,3.6,6,"N",4.5,0.044969662,5,NA,NA,0.30235455,"27.01650818",5531.053264,27.01650818,5531.053264,8.293518634,32.2,27.6,68.18469028,73.47725992,191.7469767,46.30025956,"333.84","263.5",NA,1.346274387,NA,1.914887273,NA,1.408938551,4.550620489,1.043251652,NA,NA,-4.47,NA,4.81,-0.67,35.15,NA,NA,NA,NA,NA,NA,36,2.0527944704
"01_05_2","2","Goeth","L",27.9,3.6,6,"N",4.5,0.044969662,5,NA,NA,0.297504955,"-55.28861193",-8175.160387,NA,NA,21.67672751,37.8,29.01,73.61792293,42.89878573,163.168064,33.23392575,"311.59","278.25",NA,2.096568775,NA,2.199966621,NA,2.920436089,2.518760545,1.817453041,NA,NA,-6.77,NA,-8.63,NA,-5.96,703.3770005,33.31582912,NA,NA,NA,NA,24,2.3106370142
"01_05_3","3","Goeth","L",27.9,3.6,6,"N",4.5,0.044969662,7,NA,NA,0.304084237,"",NA,NA,NA,30.72519149,112.8,104.07,163.8583674,195.6777615,455.3575661,85.16894512,"302.15","255.62",NA,1.506538963,NA,1.06330838,NA,1.333208466,2.895538529,0.858654692,NA,NA,-12.17,NA,-10.88,NA,-12.24,1009.260891,23.14169619,5.185113523,7.792941874,3.60271904,54.94309516,52.94117647,1.531449806
"01_13_1","1","Penta","S",NA,NA,NA,"N",5.5,0.054944642,4,NA,NA,0.205307012,"-71.00577667",-458.6838503,NA,NA,34.28906667,16.5,22.55,15.06362576,73.95163508,205.5028277,16.8297296,"424.54","337.66",0.855026002,NA,2.006687248,2.722634818,2.447862652,NA,NA,NA,177.49,6.68,64.29,-4.11,NA,NA,NA,349.6430818,3.487509561,1.278120505,2.751277029,3.396439294,17.08234832,42,2.00805268
"01_13_2","2","Penta","S",NA,NA,NA,"N",5.5,0.054944642,7,NA,NA,0.289115621,"-167.3769807",1631.705776,NA,1631.705776,25.01676296,13.5,12.69,20.22912901,73.15508239,137.4571506,43.2757737,"318","269.42",2.693584864,NA,0.708340704,1.306573537,2.190111954,NA,NA,NA,42.58,-4.41,16.99,48.05,NA,NA,NA,1013.205547,27.15894503,9.650286299,NA,1.382208005,70.82530586,4,1.72465276475
"01_13_3","3","Penta","S",NA,NA,NA,"N",5.5,0.054944642,5,25.4,25.5,0.224647421,"189.1096712",1937.322208,189.1096712,1937.322208,27.50712595,551,22.9,115.8800808,112.2190842,363.1212577,17.81570721,"319.58","281.4",4.158697576,NA,0.817565013,0.953825116,1.562558495,NA,NA,NA,47.49,-10.01,NA,-2.14,NA,NA,NA,860.8575454,464.2659748,7.396178653,NA,1.690990805,17.34549126,56,1.87316155
"02_05_1","1","Goeth","SW",17.2,16.15,1.8,"N",20,0.19739556,7.5,25.7,25.7,0.198875485,"-45.71269314",3671.824963,NA,3671.824963,57.35219364,144.6,21.06,107.3311065,121.1319235,320.867368,75.30031175,"207.53","182.29",2.369207232,NA,1.457256949,1.984928554,3.952008894,NA,NA,NA,-17.97,-18.09,808.8,-17.87,NA,NA,NA,555.8584409,NA,19.10495413,NA,2.345940019,39.97733887,62,2.44085040725
"02_05_2","2","Goeth","SW",17.2,16.15,1.8,"N",20,0.19739556,3,NA,NA,0.314825867,"89.35831595",58169.84174,89.35831595,58169.84174,80.71752525,9.9,16.04,120.0250364,72.94894468,262.3884114,72.99462724,"297.74","258.8",9.294117091,NA,6.881802262,6.374386813,3.572988151,NA,NA,NA,-18.12,-19.08,68.78,-19.42,NA,NA,NA,721.8222173,17.22067762,10.07441225,10.63485587,3.114732013,36.93980777,66,6.53082357925
"02_05_3","3","Goeth","SW",17.2,16.15,1.8,"N",20,0.19739556,9,NA,NA,0.174969601,"-185.6245788",6398.884006,NA,6398.884006,14.07461745,428.7,NA,NA,NA,NA,NA,"251.36","204.83",0.712213908,NA,3.943839246,2.536523388,1.489051837,NA,NA,NA,-10.41,-13.5,27.29,-13.01,NA,NA,NA,889.0897532,18.50021278,NA,0.784329751,2.370166622,NA,50,2.17040709475
"02_08_1","1","Goeth","L",17.2,11.25,3.6,"N",19,0.187761947,8,NA,NA,0.194766011,"-202.2615906",13273.90823,NA,13273.90823,33.85332094,131.8,28.25,75.51076321,103.5348967,178.2426548,67.57442862,"325.07","279.77",NA,0.37753976,NA,0.735065115,NA,1.605519882,1.08632982,0.503766275,NA,NA,-11.38,NA,-12.08,-12.04,6.34,566.2916157,28.6344335,3.78824992,NA,NA,50.23947468,38,0.8616441704
"02_08_2","2","Goeth","L",17.2,11.25,3.6,"N",19,0.187761947,7,25.5,25.5,0.368360689,"697.9185293",42854.522,697.9185293,42854.522,18.8839291,53.6,117.35,89.64848815,8.250277308,62.15726749,88.91663988,"330.67","256.52",NA,0.565644317,NA,1.461023461,NA,1.475048233,1.376867376,1.266686121,NA,NA,-9.81,NA,-6.67,-11.72,-7.14,617.6148543,20.88628484,24.99494709,4.483547798,1.951587028,29.745531,16,1.2290539016
"02_08_3","3","Goeth","L",17.2,11.25,3.6,"N",19,0.187761947,7,NA,NA,0.28433307,"127.2343487",72550.58,127.2343487,72550.58,34.77810817,571.3,71.81,194.7294522,225.3493478,550.1627214,130.2093475,"305.59","267.5",NA,11.790979,NA,2.932539007,NA,1.358713665,3.872117254,4.363166126,NA,NA,-12.55,NA,-12.87,-12.48,-13.31,1370.930257,35.15285728,11.21229242,7.263570166,2.949652294,70.24002293,48,4.8635030104
"02_10_1","1","Goeth","S",27.2,14.1,5,"N",19.5,0.192583277,7.5,25.7,25.7,0.301484817,"153.2221483",43210.50463,153.2221483,43210.50463,27.55047194,69.5,40.55,120.5605289,134.6970404,399.982597,70.06742018,"312.84","233.27",2.368749593,NA,NA,1.390601332,0.684863919,NA,NA,NA,254.28,29.4,-8.77,1.67,NA,NA,NA,574.1150676,15.86575421,5.34243842,6.318516467,1.163694076,23.48128298,20,1.481404948
"02_10_2","2","Goeth","S",27.2,14.1,5,"N",19.5,0.192583277,8,NA,NA,0.311611654,"45.34093063",21221.98097,45.34093063,21221.98097,9.783598954,114.7,45.39,92.75771694,94.59041009,201.5231373,45.07337523,"277.93","188.14",2.622700204,NA,0.198482779,1.950280474,1.17024691,NA,NA,NA,55.49,-4.96,-10.23,-7.61,NA,NA,NA,570.6821212,22.54231691,4.256707026,2.652427146,5.639368814,24.47023435,36,1.48542759175
"02_10_3","3","Goeth","S",27.2,14.1,5,"N",19.5,0.192583277,5,NA,NA,0.247878026,"680.8564416",64638.35625,680.8564416,64638.35625,34.97739708,130.2,73.31,53.96202097,52.34184184,144.3417672,69.98251005,"280.82","229.06",0.488961004,NA,8.277729541,2.515268666,1.352875415,NA,NA,NA,39.88,-10.36,-13.7,-12.12,NA,NA,NA,659.8972274,11.46264068,11.2058326,5.825353742,1.330561585,23.11820707,54,3.1587086565
"02_13_1","1","Goeth","SW",17.9,17.6,8.7,"NE",31,0.30060567,3.5,NA,NA,0.241599332,"-322.0795719",-6765.094947,NA,NA,22.94017049,30.5,29.73,56.21704937,75.25748789,162.3352718,42.58676953,"448.02","368.54",3.646227989,NA,2.091442698,1.260324323,1.541465066,NA,NA,NA,109.72,186.55,318.68,-12.28,NA,NA,NA,NA,NA,14.5130153,NA,2.59270642,27.77604726,24,2.134865019
"02_13_2","2","Goeth","SW",17.9,17.6,8.7,"NE",31,0.30060567,4,25.7,25.6,0.271670575,"-260.3220981",2779.946812,NA,2779.946812,20.07848302,26.5,13.39,70.59835382,65.52479876,151.5375702,8.117354678,"391.14","312.32",9.117279133,NA,1.665617938,1.342570446,1.536621271,NA,NA,NA,37.26,41.88,54.41,-12.94,NA,NA,NA,310.9328826,3.825270584,12.36605822,2.602332125,NA,7.650362871,54,3.415522197
"02_13_3","3","Goeth","SW",17.9,17.6,8.7,"NE",31,0.30060567,6.5,NA,NA,0.353272731,"539.6001969",72355.52345,539.6001969,72355.52345,22.66783306,119.8,105.05,59.12023618,271.6426493,674.4057702,196.9238505,"338.97","237.64",1.121408789,NA,1.806474066,3.008421192,NA,NA,NA,NA,25.21,42.51,46.64,-13.09,NA,NA,NA,1189.357626,11.18880416,9.108268909,NA,48.09274322,121.340252,42.30769231,1.97876801566667
"03_07_1","1","Penta","L",33.8,26.6,7,"N",14,0.139095941,7,NA,NA,0.254146183,"407.665721",97183.59027,407.665721,97183.59027,6.93058244,149.2,38.3,148.3826383,161.3862127,338.1251232,137.830923,"286.86","240.22",NA,1.513637826,NA,2.068466817,NA,0.299068801,0.046503397,0.793936627,NA,NA,-15.03,NA,-14.25,-16.08,-4.04,750.0756966,28.12991484,7.059738736,2.179683026,6.766968042,39.16318775,52.94117647,0.9443226936
"03_07_2","2","Penta","L",33.8,26.6,7,"N",14,0.139095941,6,NA,NA,0.249258662,"",NA,NA,NA,7.179478353,94.7,49.34,124.9635363,101.3637844,379.7063045,75.38134865,"377.55","307.07",NA,0.932750177,NA,1.065067965,NA,3.066061231,0.681418621,2.704253691,NA,NA,-11.83,NA,-11.65,-13.31,-12.1,700.4645829,NA,NA,NA,1.906603209,34.13812722,56,1.689910337
"03_07_3","3","Penta","L",33.8,26.6,7,"N",14,0.139095941,6,NA,NA,0.269070285,"170.0580964",120216.5768,170.0580964,120216.5768,24.82212994,88.5,87.26,248.8662086,283.6743339,740.309101,157.2777202,"281.42","224.13",NA,4.221958985,NA,7.001846566,NA,2.914062625,4.960549431,6.959259802,NA,NA,-14.87,NA,-13.53,-12.47,-13.67,1402.406169,34.86763355,12.15497009,NA,NA,30.70047163,46,5.2115354818
"04_07_1","1","Penta","LW",22.9,33.45,5.25,"N",13,0.129275004,5.5,NA,NA,0.457233259,"69.83384945",133832.2271,69.83384945,133832.2271,21.23050424,47.2,124.57,224.5256247,59.82725219,471.1467662,114.8052491,"328.22","254.72",NA,2.655318406,NA,NA,1.391224181,1.420200538,1.960567357,0.17535076,87.42,NA,-16.77,NA,-18.67,-14.28,-18.94,1408.669156,NA,17.97114092,NA,NA,46.52995063,58,1.5205322484
"04_07_2","2","Penta","LW",22.9,33.45,5.25,"N",13,0.129275004,3.5,NA,NA,0.522688234,"924.1062836",103280.0332,924.1062836,103280.0332,8.887025873,77.3,43.27,108.4071092,136.782449,466.839662,55.42314043,"354.47","274.11",NA,4.074057274,NA,NA,1.518674288,1.325085849,1.349059479,1.290382017,20.09,NA,-14.76,NA,-14.84,-17.6,-14.52,1175.158455,21.84325736,10.08956924,9.125147703,2.066810239,37.21559642,45.71428571,1.9114517814
"04_07_3","3","Penta","LW",22.9,33.45,5.25,"N",13,0.129275004,7,NA,NA,0.268115942,"298.1946738",109480.5042,298.1946738,109480.5042,11.09391852,143.6,NA,NA,NA,NA,NA,"346.1","n/a",NA,5.574331155,NA,NA,1.898411731,1.904477735,0.743290521,5.428369434,27.27,NA,-13.09,NA,-15.23,-13.47,-15.7,1952.414122,24.23366696,6.358564835,NA,4.811212891,182.1184185,4,3.1097761152
"05_03_1","1","Penta","L",17.8,43.4,0.8,"N",5,0.049958396,7,NA,NA,0.313655689,"348.9314364",52946.59522,348.9314364,52946.59522,NA,21.3,62.09,48.32963318,121.6696391,240.9366731,91.83183573,"269.59","251.42",NA,0.775861246,NA,0.696033788,NA,1.269826484,1.480290588,1.0743684,NA,NA,138.55,NA,-1.67,62.45,-3.39,735.4987995,10.15768987,6.82178287,0.757368385,0.056972374,38.61891713,40,1.0592761012
"05_03_2","2","Penta","L",17.8,43.4,0.8,"N",5,0.049958396,6,NA,NA,0.308208856,"827.9470367",38573.61134,827.9470367,38573.61134,NA,81,36.18,77.85695601,93.50429911,299.8389076,16.62925608,"303.71","255.96",NA,0.744877825,NA,0.933026597,NA,2.010415252,1.482383974,1.40152626,NA,NA,17.91,NA,5.43,6.05,-2.96,1112.11588,26.52319508,NA,NA,NA,27.83843743,8,1.3144459816
"05_03_3","3","Penta","L",17.8,43.4,0.8,"N",5,0.049958396,6,NA,NA,0.1969054,"172.3293501",156533.8773,172.3293501,156533.8773,NA,140.3,51.31,145.6404031,145.8557955,121.0386274,67.75953075,"259.62","191.85",NA,0.957370466,NA,0.61771751,NA,1.039257724,1.645305944,1.415539185,NA,NA,12.41,NA,-10.43,-1.07,-7.67,1273.568568,29.42361057,3.017733121,NA,0.829640916,27.99850872,28,1.1350381658
"05_09_1","1","Penta","L",21,49.05,6.6,"N",1.5,0.014998875,7,NA,NA,0.293952222,"",NA,NA,NA,NA,77.7,NA,NA,NA,NA,NA,"n/a","n/a",NA,1.711285011,NA,2.047931201,NA,2.175900496,2.58492066,2.687284814,NA,NA,-1.38,NA,-7.69,17.43,16.35,528.2093619,12.24785889,23.72687177,4.992803612,1.709292605,35.58917336,25.71428571,2.2414644364
"05_09_2","2","Penta","L",21,49.05,6.6,"N",1.5,0.014998875,5.5,NA,NA,0.354742396,"-40.55760212",96904.58329,NA,96904.58329,13.54643524,66.4,19.86,63.15628085,105.9884918,38.35973763,93.02688557,"324.27","284.82",NA,7.127181816,NA,1.301282812,NA,0.993275322,1.519667268,1.27633595,NA,NA,1.03,NA,-3.78,3.78,-0.54,1710.332611,56.04037313,NA,NA,3.207156172,29.66965812,20,2.4435486336
"05_09_3","3","Penta","L",21,49.05,6.6,"N",1.5,0.014998875,7,NA,NA,0.197481658,"",NA,NA,NA,NA,337,55.61,86.87404337,202.6258811,118.8732639,75.39235082,"364.15","271.29",NA,2.934374328,NA,1.402713304,NA,3.411244525,0.63366545,2.386549737,NA,NA,-10.51,NA,-12.9,-5.52,-9.07,300.411766,10.36062276,25.41187225,1.63751534,1.753297856,24.55447705,24,2.1537094688
"06_06_1","1","Penta","L",47.5,42.5,17,"N",1.5,0.014998875,4,NA,NA,0.103503456,"83.7544927",54067.64881,83.7544927,54067.64881,18.71105063,15.8,45.12,134.8186123,149.8859551,537.0211651,137.598672,"354.39","296.29",NA,1.889672347,NA,4.242180673,NA,5.384040536,6.3816426,3.723722523,NA,NA,-0.22,NA,-8.61,-12.16,7.54,730.5160829,14.66438862,0.618081875,NA,4.91244013,101.0856172,28,4.3242517358
"06_06_2","2","Penta","L",47.5,42.5,17,"N",1.5,0.014998875,5,NA,NA,0.166538476,"",NA,NA,NA,NA,32.3,19.49,84.3105656,93.44151999,270.0431809,54.47501271,"441.67","356.11",NA,0.733738614,NA,NA,NA,1.688281677,2.277624469,2.351535984,NA,NA,1.39,NA,-4.05,-4.1,-2.77,617.2514833,18.32829591,NA,0.9426044,2.275604053,NA,23.07692308,1.762795186
"06_06_3","3","Penta","L",47.5,42.5,17,"N",1.5,0.014998875,6,NA,NA,0.280076652,"-34.12278557",80118.05064,NA,80118.05064,6.172797468,292.3,123.65,366.8353461,425.7917585,658.1942489,162.1561127,"249.76","170.36",NA,7.80169279,NA,5.350559002,NA,1.965388163,7.969711454,7.666062706,NA,NA,-11.21,NA,-13.1,-12.27,-12.59,1144.541406,22.55707547,NA,NA,828.4480585,63.03759146,40,6.150682823
"08_11_1","1","Goeth","SW",38.4,22.3,17.1,"N",18,0.178092938,7.5,NA,NA,0.274500728,"92.76980463",99280.34631,92.76980463,99280.34631,NA,13.4,34.71,75.59409408,122.2159465,242.4660027,64.55998067,"338.7","275.54",1.239135505,NA,2.12668983,1.863802511,0.209124014,NA,NA,NA,126.57,-16.77,124.68,-16.33,NA,NA,NA,1384.864982,11.22288482,NA,NA,NA,NA,20,1.359687965
"08_11_2","2","Goeth","SW",38.4,22.3,17.1,"N",18,0.178092938,5,26,26,0.344837028,"134.4298162",-132063.9951,134.4298162,NA,NA,1.3,NA,NA,NA,NA,NA,"373.13","261.98",NA,NA,NA,1.934105045,2.996732839,NA,NA,NA,-0.68,-18.85,-2.45,-18.56,NA,NA,NA,1191.018121,19.32081655,5.035939628,NA,2.222525344,29.37982827,40,2.465418942
"08_11_3","3","Goeth","SW",38.4,22.3,17.1,"N",18,0.178092938,5.5,NA,NA,0.182096275,"475.2568984",126916.4375,475.2568984,126916.4375,NA,735.3,109.02,283.455092,227.1642217,715.1800889,132.9631583,"260.58","178.4",3.547758321,NA,8.668149242,2.488205607,3.027084361,NA,NA,NA,-3.06,-20.87,-6.78,-19.46,NA,NA,NA,732.6250016,40.02622245,6.266766611,NA,3.268732969,33.63791209,28,4.43279938275
"09_01_1","1","Penta","LW",33.3,19.4,16.8,"N",54,0.495133263,8,NA,NA,0.170962854,"-159.6921025",33565.80481,NA,33565.80481,NA,88.2,19.24,125.0743167,176.56854,342.4813354,84.89697405,"296.23","243.97",1.475686004,2.921242529,NA,NA,2.059916149,1.379117094,0.407410676,0.896398786,-19.37,NA,111.66,NA,-5.86,19.72,7.41,354.4655414,22.46259444,2.877175292,3.236627078,5.583245223,15.92178735,34,1.52329520633333
"09_01_2","2","Penta","LW",33.3,19.4,16.8,"N",54,0.495133263,6,NA,NA,0.316050994,"",NA,NA,NA,NA,154.8,22.39,77.20786139,97.83888947,361.3431427,45.4860796,"337.61","273.95",0.421092587,2.159399046,NA,NA,0.474657037,1.543066117,2.8265369,6.752974038,-15.18,NA,27.33,NA,94.02,-3.53,-9.07,959.4822013,33.29458026,7.402948356,8.04111646,5.336752626,62.13715122,44,2.3629542875
"09_01_3","3","Penta","LW",33.3,19.4,16.8,"N",54,0.495133263,5,NA,NA,0.152129553,"-111.5013791",21371.51791,NA,21371.51791,NA,209,29.94,123.6191263,121.9574414,101.4088771,56.45153948,"323.79","218.85",0.406393829,1.220730037,NA,NA,2.290147666,3.306294556,0.508748423,1.567908601,-14.11,NA,19.2,NA,13.85,6.47,-6.95,587.8881166,9.694181371,56.24793465,4.915479085,3.180322994,22.8696963,44,1.55003718533333
"09_03_1","1","Goeth","SW",19.6,15.6,19.6,"N",31,0.30060567,6,NA,NA,0.271560549,"3.938727626",81353.73656,3.938727626,81353.73656,NA,13.6,41.48,108.1311638,135.0730358,375.6647909,78.00031407,"323.94","279.55",NA,NA,1.475525707,2.01051499,5.433955232,NA,NA,NA,-14.44,-11.58,169.29,-12.09,NA,NA,NA,949.6555044,38.1591495,10.51472712,NA,5.32028811,25.45751383,70,2.97333197633333
"09_03_2","2","Goeth","SW",19.6,15.6,19.6,"N",31,0.30060567,4.5,25.7,25.8,0.283694971,"209.1475748",96189.52305,209.1475748,96189.52305,NA,26.7,31.42,15.49329016,91.67534538,165.770679,42.97346288,"356.54","299.54",NA,NA,1.621771564,6.256453307,1.355256779,NA,NA,NA,-14.19,-13.02,22.67,-14.32,NA,NA,NA,567.0887608,7.45854312,3.033737325,0.825078207,1.397158516,17.35178332,44,3.07782721666667
"09_03_3","3","Goeth","SW",19.6,15.6,19.6,"N",31,0.30060567,8,NA,NA,0.124913441,"59.43432215",65121.84414,59.43432215,65121.84414,NA,89.6,32.03,110.8179274,53.62214,298.6982335,52.02416916,"276.16","205.89",NA,NA,1.245808483,1.045110825,0.759216368,NA,NA,NA,-10.67,-13.5,12.61,-14.86,NA,NA,NA,829.4338985,410.8603542,7.555343155,NA,1.503380449,31.41110801,68,1.016711892
"09_06_1","1","Goeth","LW",12.4,16.5,13.8,"N",40,0.380506377,1.5,NA,NA,0.184897646,"-220.4793489",21602.06934,NA,21602.06934,NA,30.9,30.2,95.6828852,86.40563891,2.495310526,13.06010314,"363.62","285.52",NA,2.878790722,NA,NA,1.774460106,2.847191688,5.881617044,1.671145778,-16.8,NA,227.09,NA,3.4,19.94,49.5,788.2986353,9.257321436,NA,NA,6.210618972,29.42261013,34.04255319,3.0106410676
"09_06_2","2","Goeth","LW",12.4,16.5,13.8,"N",40,0.380506377,1.75,25.4,25.6,0.179032623,"-62.85043815",62366.50867,NA,62366.50867,NA,38.8,33.59,76.16374119,24.15762127,248.5216225,55.84557045,"377.26","305.88",NA,2.495520592,NA,NA,4.375076505,1.479136015,4.31655642,2.877365123,-13.74,NA,44.02,NA,22.59,1.29,0.63,412.2804276,10.9049745,1.541862871,1.616450962,1.153169977,25.69964491,28,3.108730931
"09_06_3","3","Goeth","LW",12.4,16.5,13.8,"N",40,0.380506377,3,NA,NA,0.270647431,"-206.3421939",57559.11156,NA,57559.11156,NA,107.6,67.87,193.7802099,144.6346793,416.4136769,29.52813171,"292.99","256.92",NA,4.918647803,NA,NA,8.327014483,4.305130758,NA,1.049423131,-13.71,NA,18.51,NA,156.54,-9.56,-6.68,1103.065227,NA,17.46925397,NA,NA,26.93958057,54,4.65005404375
"10_02_1","1","Goeth","S",34.1,2.6,12.3,"N",15,0.148889948,7.5,NA,NA,0.437306537,"",NA,NA,NA,9.850481999,136.1,NA,NA,NA,NA,NA,"301.09","247.88",0.695006919,NA,1.41357032,2.670394041,1.231711751,NA,NA,NA,48.96,15.13,0.48,0.32,NA,NA,NA,1219.693077,35.99822182,12.60622086,8.032132574,2.76418494,60.49596186,14,1.50267075775
"10_02_2","2","Goeth","S",34.1,2.6,12.3,"N",15,0.148889948,5.5,25.6,25.6,0.329528103,"48.25913212",4875.837108,48.25913212,4875.837108,26.84561255,46.2,NA,NA,NA,NA,NA,"286.62","233.47",4.650403784,NA,2.436282867,2.245124872,1.043716341,NA,NA,NA,-9.35,-6.34,-9.88,-8.28,NA,NA,NA,1033.240616,23.22634654,4.728889128,NA,3.98622271,44.05008405,28,2.593881966
"10_02_3","3","Goeth","S",34.1,2.6,12.3,"N",15,0.148889948,5.5,NA,NA,0.210487724,"320.5596425",7088.870907,320.5596425,7088.870907,45.36458543,361.1,45.34,158.3128184,143.4421726,387.6036739,131.154912,"321.65","248.26",3.488556475,NA,1.907921597,1.738071359,1.550474928,NA,NA,NA,NA,-9.26,-11.62,-9.99,NA,NA,NA,249.2341266,6.434505849,19.03262218,0.014645052,0.088580845,19.55266738,50,2.17125608975
"10_04_1","1","Goeth","LW",37.3,0.9,19,"N",4,0.039978687,7,NA,NA,0.148509777,"-87.88438412",3681.384049,NA,3681.384049,33.5921968,100.1,24.79,126.1385102,130.5307737,178.5683197,61.19107352,"353.03","282.55",NA,3.345791987,NA,NA,0.76941454,0.956901882,1.542658975,NA,101.99,NA,-13.79,NA,-15.45,-10.52,-16.63,942.0645056,NA,NA,NA,6.440300442,16.3181762,52,1.653691846
"10_04_2","2","Goeth","LW",37.3,0.9,19,"N",4,0.039978687,7,NA,NA,0.245427564,"-60.24490757",4209.087443,NA,4209.087443,11.76057395,45.3,27.41,101.7708359,90.97434843,36.28076828,52.06173621,"381.49","313.41",NA,2.881191322,NA,NA,1.926268066,2.404092103,1.584840498,1.21206668,38.42,NA,-15.67,NA,-16.91,-13.38,-17.19,730.2613647,26.86195246,17.62077687,NA,1.497932036,47.31158654,24,2.0016917338
"10_04_3","3","Goeth","LW",37.3,0.9,19,"N",4,0.039978687,5.5,NA,NA,0.26818195,"85.8704135",10843.02921,85.8704135,10843.02921,33.73615597,662.3,NA,NA,NA,NA,NA,"318.73","275.89",NA,4.231348356,NA,NA,3.351701701,2.941135345,3.07508684,2.474926741,42.4,NA,-16.25,NA,-16.08,-14.35,-15.94,383.79,11.11426813,27.11912801,129.4566475,2.262817963,30.12419264,18,3.2148397966
"11_06_1","1","Goeth","S",34.6,3.7,24.5,"N",44,0.414506875,5.5,NA,NA,0.274036471,"913.4198475",21209.48909,913.4198475,21209.48909,16.7904969,80.7,55.07,231.1924068,285.9079155,136.5081963,203.1716488,"311.6","274.74",2.173581155,NA,1.72454653,2.705284669,2.749440837,NA,NA,NA,-3.23,-5.47,-5.28,240.75,NA,NA,NA,1512.388973,408.7537766,14.12219314,NA,1.714362646,19.51041695,20,2.33821329775
"11_06_2","2","Goeth","S",34.6,3.7,24.5,"N",44,0.414506875,4,25.7,25.9,0.20494152,"-81.60996751",10271.7484,NA,10271.7484,11.49566881,93.3,26.82,93.37070156,79.30088324,15.73912902,49.87482076,"319.09","257.72",0.32384522,NA,2.815623133,1.296020501,1.766241313,NA,NA,NA,13.4,14.13,-1.34,31.17,NA,NA,NA,1072.168273,12.41051144,6.092195072,NA,4.482257832,43.91309204,22,1.55043254175
"11_06_3","3","Goeth","S",34.6,3.7,24.5,"N",44,0.414506875,4,NA,NA,0.361343196,"14.5057275",21230.46624,14.5057275,21230.46624,47.70087531,200.5,87.58,124.7396342,173.3423838,468.0389851,77.76978042,"334.54","273.18",4.157766705,NA,0.909117902,0.580136156,0.543551316,NA,NA,NA,-4.49,-7.09,-10.32,16.54,NA,NA,NA,896.7883056,19.25631005,4.258651071,3.888614124,2.02494347,49.91214797,38,1.54764301975
"11_10_1","1","Goeth","L",31.8,5.3,28.5,"N",48,0.447519975,5,NA,NA,0.382792136,"543.8623171",33052.22535,543.8623171,33052.22535,16.56429703,60.6,44.3,193.3614774,170.2148279,550.3994167,110.3295007,"","",NA,3.249908555,NA,4.182826393,NA,2.430063242,4.424412568,3.652817211,NA,NA,-9.52,NA,-10.87,27.73,26.2,836.9217496,13.15279073,13.21485936,12.19534768,1.834230471,43.08501849,22,3.5880055938
"11_10_2","2","Goeth","L",31.8,5.3,28.5,"N",48,0.447519975,3.5,NA,NA,0.48860858,"",NA,NA,NA,14.68017925,120.5,NA,NA,NA,NA,NA,"341.81","276.26",NA,0.427921574,NA,2.020873479,NA,2.933024094,2.921668736,1.010512709,NA,NA,8.48,NA,6.78,12,8.33,830.9093841,14.79468145,17.87349876,7.303830793,0.990200346,37.40316761,46,1.8628001184
"11_10_3","3","Goeth","L",31.8,5.3,28.5,"N",48,0.447519975,4.5,NA,NA,0.2888078,"383.0422782",36616.84651,383.0422782,36616.84651,31.45809165,441.9,75.1,268.1019857,229.5680779,801.5413017,120.0966102,"321.17","220.85",NA,NA,NA,4.641224941,NA,0.350122827,0.958738369,NA,NA,NA,-13.4,NA,-14.8,-11.03,-10.46,2362.053913,112.4817208,NA,NA,1.980255505,32.73949983,52,1.98336204566667
"12_01_1","1","Goeth","L",23.3,10.9,27.4,"N",58,0.525583794,7,NA,NA,0.302140089,"-129.6045433",15419.03592,NA,15419.03592,6.440492042,226.2,25.24,54.17733999,83.68168885,246.035598,31.5462482,"311.15","265.58",NA,0.637130708,NA,1.554312408,NA,1.530684813,0.566739826,0.997972923,NA,NA,-9.14,NA,-9.98,63.96,39.71,1396.428093,11.31923015,40.5036773,NA,2.795774459,120.2141054,76,1.0573681356
"12_01_2","2","Goeth","L",23.3,10.9,27.4,"N",58,0.525583794,5,NA,NA,0.205716635,"",NA,NA,NA,9.344343318,86.8,41.33,83.25767772,105.3728923,235.8754308,42.0892672,"338.91","287.6",NA,1.223990425,NA,5.685639501,NA,2.662817568,6.70409468,1.711510754,NA,NA,-11.43,NA,-8.62,2.01,7.7,1088.212055,24.39428148,NA,NA,53.59227174,48.84563531,66.66666667,3.5976105856
"12_01_3","3","Goeth","L",23.3,10.9,27.4,"N",58,0.525583794,5,NA,NA,0.132188491,"86.51194629",10718.89912,86.51194629,10718.89912,48.06533888,258.5,62.92,139.7903144,144.4895113,439.8813076,85.41649236,"335.74","247.73",NA,0.863065734,NA,1.537189884,NA,1.547421308,0.93072249,0.912217749,NA,NA,-9.43,NA,-11.29,-1.12,-3.41,937.3892782,24.30268499,3.063579795,NA,NA,37.05017509,12,1.158123433
"12_05_1","1","Goeth","L",24.6,17.5,29.7,"N",37,0.354379919,6.5,NA,NA,0.281282471,"-159.5758341",3550.488937,NA,3550.488937,58.36589091,5.5,41.27,24.79651927,104.878627,53.56824673,44.64741667,"293.56","230.2",NA,0.841449016,NA,0.399207863,NA,1.058231909,2.600576277,1.311549905,NA,NA,-8.5,NA,-6.5,51.45,92.36,167.1763095,4.725273094,12.39371703,0.076672206,0.340877187,15.79840768,44,1.242202994
"12_05_2","2","Goeth","L",24.6,17.5,29.7,"N",37,0.354379919,5.5,NA,NA,0.242813925,"254.4586555",3860.776171,254.4586555,3860.776171,21.53424931,36.1,28.06,50.82827918,63.29145342,113.2159771,36.44904986,"330.7","254.69",NA,1.071550783,NA,2.626391725,NA,0.998810377,2.609626886,1.712631009,NA,NA,-8.42,NA,-8.07,4.15,34.39,508.4268118,3.461947202,7.550857164,2.111947053,2.34298646,26.44986202,14,1.803802156
"12_05_3","3","Goeth","L",24.6,17.5,29.7,"N",37,0.354379919,4.5,NA,NA,0.266224299,"-18.84437278",23067.62498,NA,23067.62498,37.25889473,468.3,NA,NA,NA,NA,NA,"255.39","202.38",NA,1.030437806,NA,NA,NA,2.702576189,1.014426731,1.264383218,NA,NA,-9.32,NA,-11.87,-1.44,0.06,592.7743644,17.33678553,17.60785653,6.613136596,1.955827783,31.99086528,30,1.502955986
"12_09_1","1","Goeth","L",24.1,13.5,22.9,"N",12,0.119428926,6.5,NA,NA,0.240878149,"347.8123201",-17405.24225,347.8123201,NA,24.66128105,45.9,108.39,192.9541202,190.9879451,335.6814227,102.1067447,"278.95","245.82",NA,1.490427113,NA,1.421288512,NA,1.951679002,2.41154221,1.094298782,NA,NA,89.74,NA,-7.86,54.86,61.02,2063.733598,50.29849119,NA,NA,2.950497371,56.74490894,33.33333333,1.6738471238
"12_09_2","2","Goeth","L",24.1,13.5,22.9,"N",12,0.119428926,7,NA,NA,0.237786469,"-108.5536807",22935.04283,NA,22935.04283,8.229452,25,27.86,64.23168389,73.93372574,250.3590664,47.00182106,"318.33","273.57",NA,1.403990934,NA,2.091346237,NA,1.62379143,1.216080474,1.556408739,NA,NA,15.12,NA,-9.06,3.93,0.22,1148.17332,6.201285304,6.347458262,NA,10.44044953,43.27427057,78,1.5783235628
"12_09_3","3","Goeth","L",24.1,13.5,22.9,"N",12,0.119428926,7,NA,NA,0.210955828,"443.2701301",38964.46291,443.2701301,38964.46291,42.07473944,352.7,74.06,130.0465233,210.7073141,265.8438967,122.6914471,"314.29","235.43",NA,4.090658059,NA,4.087274733,NA,4.279545765,4.062500416,9.065023849,NA,NA,-1.54,NA,-13.6,-0.52,-5.49,NA,NA,NA,NA,NA,NA,7.692307692,5.1170005644
"14_09_1","1","Penta","SW",48.5,33.3,29.1,"E",23,0.226068388,6,26.5,26.4,0.361789372,"732.2531135",29192.23789,732.2531135,29192.23789,7.511222222,28.8,114.65,226.3518995,277.4909576,969.7140611,48.26379325,"381.31","243.93",2.17144874,NA,4.987459228,3.083260226,3.540721128,NA,NA,NA,-13.25,86.18,-15.85,-13.15,NA,NA,NA,684.0073639,14.65856366,3.642928043,2.21049352,5.033729279,27.85868615,60,3.4457223305
"14_09_2","2","Penta","SW",48.5,33.3,29.1,"E",23,0.226068388,7,NA,NA,0.231731822,"110.81714",27598.68666,110.81714,27598.68666,12.5557599,40.4,25.74,122.3473222,171.3202761,511.8201323,97.11480726,"323.14","274.72",1.045006553,NA,2.69020526,2.340300124,1.33292582,NA,NA,NA,-13.5,14.57,-14.94,-15.74,NA,NA,NA,570.6886593,41.73922965,2.680272943,NA,NA,24.50943533,68,1.85210943925
"14_09_3","3","Penta","SW",48.5,33.3,29.1,"E",23,0.226068388,6,NA,NA,0.24983973,"420.6487778",78970.17428,420.6487778,78970.17428,16.4107317,445.4,NA,NA,NA,NA,NA,"188.46","136.35",1.613230925,NA,3.590759396,0.739881545,1.0317583,NA,NA,NA,-12.46,14.19,-13.18,-13.25,NA,NA,NA,NA,NA,NA,NA,NA,NA,34,1.7439075415
"14_10_1","1","Goeth","S",32.4,38.3,28.9,"E",16,0.158655262,8,NA,NA,0.239374913,"-324.6730748",-23499.26055,NA,NA,9.603402185,100.7,NA,NA,NA,NA,NA,"294.08","254.55",0.718870759,NA,1.918844613,1.646430748,2.130339093,NA,NA,NA,-1.68,285.16,-2.26,2.26,NA,NA,NA,783.6540465,30.24021904,1.726010683,3.499048433,7.650587893,31.72583807,8,1.60362130325
"14_10_2","2","Goeth","S",32.4,38.3,28.9,"E",16,0.158655262,4,25.8,25.4,0.27280623,"112.0721767",15611.27148,112.0721767,15611.27148,15.6985651,38.4,-5.33,114.8896267,-15.15122032,214.4464335,8.773958555,"n/a","309.37",1.653036882,NA,1.671020037,1.573980924,1.197612364,NA,NA,NA,50.9,73.46,13.66,4.16,NA,NA,NA,764.4291925,18.51127369,5.417549562,6.362734931,3.046543155,36.87895084,42,1.52391255175
"14_10_3","3","Goeth","S",32.4,38.3,28.9,"E",16,0.158655262,4,NA,NA,0.199220671,"161.3402854",30779.85582,161.3402854,30779.85582,33.69108643,298.5,89.81,151.48712,285.5727937,111.1455117,153.5745635,"373.3","308.7",8.181175138,NA,3.366559928,2.881555055,0.882603873,NA,NA,NA,-10.39,44.23,-12.49,-12.91,NA,NA,NA,865.0408848,16.51855597,NA,NA,3.282086027,NA,22,3.8279734985
"15_16_1","1","Penta","L",28.5,41.2,26.8,"E",25,0.244978663,6,NA,NA,0.22354847,"-136.1772274",17507.98838,NA,17507.98838,14.04613838,54.2,13.56,103.0600456,23.66074285,73.11811805,63.27466174,"319.13","274.22",NA,2.823892951,NA,2.99935223,NA,2.528565263,1.93815304,1.471902273,NA,NA,19.37,NA,-8.09,-10.28,11.05,828.688833,29.55393013,1.64508896,NA,7.614620304,28.74124999,30,2.3523731514
"15_16_2","2","Penta","L",28.5,41.2,26.8,"E",25,0.244978663,5,NA,NA,0.241692106,"92.9456424",21927.93843,92.9456424,21927.93843,24.20693458,21.4,25.57,17.30087928,144.4950413,148.9194363,89.44740554,"384.2","330.11",NA,2.025860506,NA,1.289240144,NA,1.173999681,1.157687127,1.497158968,NA,NA,8.8,NA,-6.12,-9.98,-3.74,382.82,10.46631614,25.48865329,NA,2.408129788,24.03311671,12,1.4287892852
"15_16_3","3","Penta","L",28.5,41.2,26.8,"E",25,0.244978663,4,NA,NA,0.302197204,"213.3321107",-12840.21857,213.3321107,NA,9.431150658,304,127.84,192.530056,164.7213562,441.4311034,119.558327,"n/a","293.21",NA,1.502903252,NA,3.269486088,NA,3.066603872,8.941519715,3.086284429,NA,NA,4.65,NA,-6.86,-10.74,-2.5,1404.198158,85.1509994,6.50118814,NA,NA,1.129372467,20,3.9733594712
"17_01_1","1","Goeth","S",32.6,39,36.9,"E",16.5,0.163526619,5,25.6,25.5,0.260720055,"-547.8221786",-46439.91586,NA,NA,24.46228558,104,67.44,178.4406767,164.7772826,644.4502301,38.9219669,"212.64","193.73",1.325556975,NA,1.79785207,2.212139211,1.869210035,NA,NA,NA,14.86,3.75,100.73,-12.98,NA,NA,NA,614.8494606,9.927902097,4.058580865,4.538643086,3.004220159,26.95443109,10,1.80118957275
"17_01_2","2","Goeth","S",32.6,39,36.9,"E",16.5,0.163526619,8.5,NA,NA,0.233665446,"-120.6702701",26606.98308,NA,26606.98308,26.54336057,56.3,NA,NA,NA,NA,NA,"277.76","232.5",0.794593194,NA,1.039437363,1.222687943,2.731599341,NA,NA,NA,2.2,-5.93,18.3,-11.23,NA,NA,NA,621.5550158,14.26427098,NA,NA,1.754595785,8.496524475,52,1.44707946025
"17_01_3","3","Goeth","S",32.6,39,36.9,"E",16.5,0.163526619,3,NA,NA,0.325493094,"25.6697915",3989.604128,25.6697915,3989.604128,24.82799398,182.6,76.07,120.391922,75.63346822,496.2658057,107.5157438,"286.09","232.79",2.698369677,NA,0.680691466,NA,0.321598876,NA,NA,NA,NA,-11.57,-2.68,-12.15,NA,NA,NA,2458.258705,87.1722945,9.007291077,NA,0.834505697,35.31356889,44,1.23355333966667
"17_06_1","1","Penta","S",32.3,34.1,38.7,"N",10,0.099668652,7,25.9,25.9,0.320859897,"1079.327635",43862.62618,1079.327635,43862.62618,7.652242244,151.5,NA,NA,NA,NA,NA,"217.54","181.57",0.582540992,NA,NA,NA,0.674002777,NA,NA,NA,117.16,-9.45,28,-14.98,NA,NA,NA,858.2437079,0,1.577604244,NA,NA,7.604233432,54,0.6282718845
"17_06_2","2","Penta","S",32.3,34.1,38.7,"N",10,0.099668652,5,NA,NA,0.397484435,"581.9861196",-18655.21772,581.9861196,NA,8.936553369,167.7,NA,NA,NA,NA,NA,"257.26","166.13",3.043470877,NA,3.093377613,2.913444432,5.282690778,NA,NA,NA,15.98,-9.45,10.74,-7.34,NA,NA,NA,1208.491419,38.95886027,9.946625888,3.319626143,7.15830524,93.25495106,52,3.583245925
"17_06_3","3","Penta","S",32.3,34.1,38.7,"N",10,0.099668652,8,NA,NA,0.223951736,"153.9418613",78077.80607,153.9418613,78077.80607,26.26191694,642.9,126.16,306.6718538,426.5298984,957.2649208,217.6664654,"234.72","186.67",0.528990808,NA,1.462401049,1.830387808,0.396857979,NA,NA,NA,29.25,-12.41,24.59,-3.32,NA,NA,NA,896.875913,11.25077464,3.016075631,0.895770122,0.868845525,28.62458015,36,1.054659411
"18_05_1","1","Penta","S",16.8,27.8,34.1,"E",32.5,0.314231899,6,NA,NA,0.252737322,"111.2180536",12548.3977,111.2180536,12548.3977,15.67222237,76.9,50.15,142.7762673,104.7676626,338.9228266,78.20494837,"357.05","303.84",0.378810082,NA,0.869448413,1.071172365,1.154328859,NA,NA,NA,221.87,174.68,-1.27,-10.99,NA,NA,NA,1015.900275,43.9971918,8.765610681,NA,0.519255478,48.92230073,64,0.86843992975
"18_05_2","2","Penta","S",16.8,27.8,34.1,"E",32.5,0.314231899,5,NA,NA,0.231342806,"162.8947837",18754.68654,162.8947837,18754.68654,7.140717127,90.5,30.6,101.7963284,109.0899149,349.2266803,89.1156479,"332.19","281.22",1.0498158,NA,1.244885285,1.322947251,1.995040055,NA,NA,NA,49.19,35.52,-8.26,-1.17,NA,NA,NA,1103.801,41.0523391,NA,NA,3.567418931,48.48355545,20,1.40317209775
"18_05_3","3","Penta","S",16.8,27.8,34.1,"E",32.5,0.314231899,4,26.1,26.2,0.157445219,"188.3614623",36646.83141,188.3614623,36646.83141,14.27905266,1259,NA,NA,NA,NA,NA,"324.14","231.9",8.065247186,NA,1.132405383,1.853347019,1.644662317,NA,NA,NA,31.15,13.02,-12.33,-0.89,NA,NA,NA,330.7101343,16.99273292,3.153755924,3.927043191,0.54297935,20.08229622,9.803921569,3.17391547625
"19_05_1","1","Penta","LW",33.4,19.2,36.9,"N",10,0.099668652,6,NA,NA,0.212343885,"387.8650648",10481.49561,387.8650648,10481.49561,12.17132128,118.9,67.75,258.9395136,151.050005,433.5101497,27.60475603,"327.96","262.58",NA,21.13697801,NA,NA,2.984065561,2.107105591,1.183449059,0.301991313,-12.91,NA,-12.27,NA,-16,-13.47,-18.35,439.6612662,12.47358447,34.21887753,2.699348075,2.067767825,28.32066077,40,5.5427179068
"19_05_2","2","Penta","LW",33.4,19.2,36.9,"N",10,0.099668652,6.5,NA,NA,0.346129815,"410.5319758",68732.17566,410.5319758,68732.17566,9.757588983,94.4,21.18,102.2782079,82.23655082,228.9498842,59.27009259,"344.61","299.52",NA,9.898192578,NA,NA,3.535643399,2.463372772,1.948431599,2.000817834,-9.84,NA,-13.75,NA,-17.44,-15.48,-18.81,618.1746503,14.78291917,8.218292245,2.509308915,0.890048894,34.87532034,24,3.9692916364
"19_05_3","3","Penta","LW",33.4,19.2,36.9,"N",10,0.099668652,7,NA,NA,0.239749648,"51.124321",56311.64548,51.124321,56311.64548,31.68239045,266.1,16.89,29.14991499,49.21312559,33.05089057,77.12829229,"300.39","231.04",NA,3.6697766,NA,NA,5.652503241,1.694388585,6.588085783,8.622717769,-11.92,NA,-12.04,NA,-13.27,-12.45,-13.24,451.1907485,8.86118788,6.741400604,4.209139946,2.777751168,36.83356757,70,5.2454943956
"20_04_1","1","Penta","S",16.8,9.9,34.3,"E",19,0.187761947,6,NA,NA,0.631434419,"1.755339109",62385.5462,1.755339109,62385.5462,30.35746188,44.6,49.44,101.5771403,21.06091114,199.053364,35.52499137,"355.55","291.33",1.240681899,NA,2.373152426,3.325201547,1.612719823,NA,NA,NA,108.98,124.03,163.77,-3.57,NA,NA,NA,1379.382357,0,19.23646791,NA,3.823698813,200.3239982,48,2.13793892375
"20_04_2","2","Penta","S",16.8,9.9,34.3,"E",19,0.187761947,4,NA,NA,0.277193973,"109.7693734",54088.21004,109.7693734,54088.21004,6.028041729,134.2,45.8,91.57161986,109.9305582,73.25710456,16.07056934,"440.19","312.53",2.949148546,NA,2.340543434,1.990346454,1.458585542,NA,NA,NA,35.36,18.32,8.96,-4.99,NA,NA,NA,946.1955764,10.56387011,3.257735899,1.995864248,3.805364481,28.65131156,24,2.184655994
"20_04_3","3","Penta","S",16.8,9.9,34.3,"E",19,0.187761947,2,25.6,25.8,0.272069438,"427.7624338",115804.4744,427.7624338,115804.4744,25.01797433,354.5,NA,NA,NA,NA,NA,"308.84","256.8",1.413781127,NA,1.280223026,1.278655874,3.131954329,NA,NA,NA,81.06,47.19,36.8,-9.48,NA,NA,NA,1375.604415,22.72562788,10.11163699,5.095402912,2.514521543,64.01982635,52,1.776153589
"20_09_1","1","Goeth","LW",28.05,3.7,31.3,"N",40,0.380506377,4,NA,NA,0.298555473,"",NA,NA,NA,8.588653706,82.3,71.94,30.04201416,145.0000818,548.9525745,70.94613272,"302.17","266.89",NA,4.658160742,NA,NA,3.048159394,5.312895894,2.188671893,1.677861859,90.75,NA,-17.89,NA,-18.1,27.06,15.4,1007.222081,23.53547067,23.68166408,NA,0.843356242,44.80178963,36,3.3771499564
"20_09_2","2","Goeth","LW",28.05,3.7,31.3,"N",40,0.380506377,6,NA,NA,0.381322788,"404.0865375",93944.26737,404.0865375,93944.26737,5.108289235,77.1,12.24,108.5848934,64.14000692,107.7547824,22.7895766,"388.95","309.6",NA,2.540916784,NA,NA,1.304132026,1.272710275,2.366566597,0.887251932,16.06,NA,-17.34,NA,-18.16,-9.64,-12.23,1027.975609,NA,2.948555861,NA,1.19218548,46.16269662,26,1.6743155228
"20_09_3","3","Goeth","LW",28.05,3.7,31.3,"N",40,0.380506377,5.5,NA,NA,0.248358537,"224.3253509",126825.2575,224.3253509,126825.2575,41.13426886,473.1,67.21,193.1342792,200.2490881,291.1347984,98.64498555,"328.98","281.54",NA,1.812684625,NA,NA,1.780313921,2.356469956,6.330288781,1.614122601,31.1,NA,-13.8,NA,-17.27,-2.71,-2.97,840.5678849,40.92510527,8.08857453,2.657427095,3.177935146,29.9026258,62,2.7787759768
"22_06_1","1","Penta","SW",32,14.7,48.4,"N",23,0.226068388,5,25.8,25.8,0.129684099,"254.0585816",26987.78755,254.0585816,26987.78755,20.0958764,845.5,22.77,137.3067728,158.1848655,473.3587174,76.32356083,"275.5","206.8",6.442347136,NA,0.709813212,1.462182182,6.944578291,NA,NA,NA,-10.96,123.87,60.67,-13.17,NA,NA,NA,657.0498912,NA,NA,NA,4.806951331,20.7905258,20,3.88973020525
"22_06_2","2","Penta","SW",32,14.7,48.4,"N",23,0.226068388,7,NA,NA,0.274460313,"-46.0653617",54004.09977,NA,54004.09977,25.61743516,45.5,19.09,92.55452896,74.84145031,188.1929544,34.13216501,"302.4","263.35",2.13309947,NA,3.361276242,2.56495653,1.743614335,NA,NA,NA,-13.33,19.88,8.09,-14.02,NA,NA,NA,509.6017495,6.220357591,14.3431319,2.322907626,NA,19.7534795,8,2.45073664425
"22_06_3","3","Penta","SW",32,14.7,48.4,"N",23,0.226068388,4,NA,NA,0.147265611,"-178.0228945",47947.3846,NA,47947.3846,22.15093702,838.4,NA,NA,NA,NA,NA,"291.47","198.55",0.723635915,NA,1.628402778,1.873139168,1.917770148,NA,NA,NA,-14.17,23.03,21.86,-13.83,NA,NA,NA,552.0835715,52.06335366,2.869238044,NA,NA,8.821042566,30,1.53573700225
"22_07_1","1","Goeth","L",34.1,16.3,48.8,"N",20,0.19739556,6,NA,NA,0.214283047,"202.5060285",44756.15942,202.5060285,44756.15942,15.86462443,109.7,44.43,140.7643189,108.5545437,357.5061608,92.01070775,"329.33","268.16",NA,0.678968814,NA,0.663138908,NA,0.678079002,2.047606891,3.39547912,NA,NA,128.39,NA,-4.14,-10.77,63.79,927.0992012,9.459429861,1.161122076,NA,0.69636384,58.70215327,42,1.492654547
"22_07_2","2","Goeth","L",34.1,16.3,48.8,"N",20,0.19739556,7,NA,NA,0.177512433,"-63.32719996",34873.51247,NA,34873.51247,41.80865823,55.3,14.85,38.36645073,102.9140682,218.4922411,42.84821796,"313.9","283.08",NA,1.668926,NA,1.439563441,NA,1.008061192,1.064728921,1.915602288,NA,NA,17.97,NA,-9.18,-11.12,0.04,672.0628614,NA,1.721133815,NA,2.7339897,68.28010967,11.42857143,1.4193763684
"22_07_3","3","Goeth","L",34.1,16.3,48.8,"N",20,0.19739556,5,NA,NA,0.197374908,"",NA,NA,NA,21.70101486,1454,81.51,259.9050317,395.4281139,727.0922344,189.3267678,"329.8","225.01",NA,1.921124933,NA,2.014326383,NA,3.217889693,2.001928728,1.235273845,NA,NA,8.2,NA,-12.01,-12.24,-0.51,1112.178159,65.13920891,12.94043083,NA,0.529214523,32.49113048,22,2.0781087164
"24_02_1","1","Goeth","L",21.8,36.2,42.7,"E",24,0.235544981,6,NA,NA,0.428433599,"253.2484171",122184.7046,253.2484171,122184.7046,13.15807424,111.8,115.55,182.6750055,185.4284918,359.0802142,127.7728922,"316.21","275.15",NA,1.222768768,NA,2.814014286,NA,2.582481085,1.143469488,1.752098177,NA,NA,27.3,NA,-9.14,-12.04,41.57,1012.541547,11.00937701,2.495688118,5.616433698,3.75955661,39.77931653,60,1.9029663608
"24_02_2","2","Goeth","L",21.8,36.2,42.7,"E",24,0.235544981,4,NA,NA,0.256504709,"469.637191",153270.6046,469.637191,153270.6046,22.80822549,20.4,104.94,245.4724062,232.56968,155.9847173,121.8411347,"291.51","259.08",NA,0.799011789,NA,2.486506176,NA,1.190568896,1.807007561,2.376395746,NA,NA,1.29,NA,-11.56,-12.29,1.35,516.9805111,8.721039254,20.57311223,3.903593035,0.192878292,32.25684839,62,1.7318980336
"24_02_3","3","Goeth","L",21.8,36.2,42.7,"E",24,0.235544981,2.5,NA,NA,0.21720108,"577.8509568",156913.8373,577.8509568,156913.8373,28.57239805,235.9,94.09,11.24584548,112.4082455,670.0118426,102.0612724,"307.03","442.47",NA,6.968592957,NA,4.820350008,NA,1.384844874,10.58372329,4.177785427,NA,NA,2.63,NA,-10.59,-12.73,6.44,709.244223,31.56970117,3.152028438,3.677422937,4.097101734,22.18694119,28,5.5870593112
"28_01_1","1","Penta","S",17,29.8,57.7,"E",17,0.168390157,4,NA,NA,0.246069484,"-109.1339069",34908.05361,NA,34908.05361,5.867707233,87.1,48.05,66.87696505,97.83501856,106.7585127,68.08868274,"390.37","307.9",NA,NA,1.938456183,1.43725198,2.078644849,NA,NA,NA,13.13,16.9,13.37,-13.82,NA,NA,NA,680.4202134,9.422341398,3.036172911,3.177171239,0.327284773,25.51898272,26,1.81811767066667
"28_01_2","2","Penta","S",17,29.8,57.7,"E",17,0.168390157,5,25.5,25.6,0.280640726,"-85.19589433",13983.6973,NA,13983.6973,10.11129901,50.5,82.74,162.6172142,136.0092427,282.0405618,30.93579864,"373.83","284",NA,NA,1.724271862,2.059138312,1.817939808,NA,NA,NA,1.83,0.86,-4.97,7.46,NA,NA,NA,408.2138603,17.57201111,5.856867482,7.073829679,1.53646833,18.85682918,48,1.86711666066667
"28_01_3","3","Penta","S",17,29.8,57.7,"E",17,0.168390157,5,NA,NA,0.205960672,"-177.1414643",32089.39516,NA,32089.39516,30.02052496,202.3,95.73,146.3045197,145.9257175,157.6919151,105.0876375,"300.12","239.32",3.609849436,NA,4.118723997,1.859640418,4.613445188,NA,NA,NA,-9.79,-10.59,-11.99,-3.9,NA,NA,NA,966.854646,27.16932656,5.911438262,NA,NA,28.64294149,36,3.55041475975
"33_10_1","1","Penta","SW",42.1,27,61,"N",23.5,0.23081196,6,NA,NA,0.246676007,"361.1257007",139205.1648,361.1257007,139205.1648,12.86245332,73.9,215.14,359.1923147,398.9023753,1149.067056,290.8258642,"302.81","251.71",0.680335544,NA,2.030753565,0.654458503,1.492617089,NA,NA,NA,-13.48,86.8,-11.58,-12.18,NA,NA,NA,963.8733019,20.1258885,9.694943112,3.901555515,NA,44.26850269,8,1.21454117525
"33_10_2","2","Penta","SW",42.1,27,61,"N",23.5,0.23081196,4,NA,NA,0.371734655,"603.5084076",181037.7243,603.5084076,181037.7243,14.60223544,41.2,89.69,336.8939381,413.295102,274.8673106,227.4887371,"332.03","288.17",0.91207315,NA,0.737037637,1.552744411,0.895551157,NA,NA,NA,-14.59,12.25,-13.77,-12.92,NA,NA,NA,690.8707954,30.48871233,17.4257735,2.240568887,0.590677195,23.18154031,66,1.02435158875
"33_10_3","3","Penta","SW",42.1,27,61,"N",23.5,0.23081196,5,26.4,25.8,0.129290676,"164.7492161",26656.26005,164.7492161,26656.26005,33.38139759,439.4,NA,NA,NA,NA,NA,"299.38","215.54",0.948629695,NA,2.165551675,1.919297307,1.652958502,NA,NA,NA,-11.21,17.33,-12.06,-13.03,NA,NA,NA,517.7691668,2.959046946,5.366623266,NA,1.804881552,46.99938635,14,1.67160929475
"34_06_1","1","Goeth","S",27.6,38.9,60.5,"N",6,0.059928155,5,NA,NA,0.374277503,"678.3332843",141406.8538,678.3332843,141406.8538,26.5781453,35.1,228.17,203.6259565,682.135832,1670.18476,162.6188359,"300.28","293.96",0.771195504,NA,2.058706495,1.420808297,3.917640941,NA,NA,NA,227.31,139.9,159.7,-9.99,NA,NA,NA,1198.227757,NA,6.606591517,NA,NA,56.936136,31.42857143,2.04208780925
"34_06_2","2","Goeth","S",27.6,38.9,60.5,"N",6,0.059928155,4,NA,NA,0.347230034,"218.8002654",80172.01501,218.8002654,80172.01501,8.370779292,36.7,44.39,32.79802038,355.7917079,107.6717977,221.7040787,"293.08","261.69",1.320883493,NA,1.497142341,5.283966545,4.944690144,NA,NA,NA,33.6,23.17,25.2,-6.48,NA,NA,NA,509.95,7.843486232,34.00152323,11.83807602,2.201518071,38.04438395,40,3.26167063075
"34_06_3","3","Goeth","S",27.6,38.9,60.5,"N",6,0.059928155,5,25.6,26,0.25434897,"509.5285519",99559.41301,509.5285519,99559.41301,28.59665318,212.5,NA,NA,NA,NA,NA,"257.34","194.95",8.437595931,NA,2.539568101,2.105148724,5.676043812,NA,NA,NA,37.95,10.9,10.2,-7.94,NA,NA,NA,817.3592815,10.07819995,2.600001015,NA,2.641964704,32.47818029,82,4.689589142
"37_04_1","1","Penta","S",18.6,33,76.4,"W",11,0.109559527,4,25.6,25.8,0.269191758,"43.48051329",85507.48402,43.48051329,85507.48402,8.059455675,418.5,103.78,258.6680961,235.0891369,735.0573702,233.5834202,"288.38","n/a",1.094595509,1.064862898,NA,1.93405859,4.511341885,NA,NA,NA,13.81,0.77,-6.1,-13.83,NA,NA,NA,656.2357519,12.22594088,3.911419326,3.792134823,3.451387652,25.53278358,30,2.1512147205
"37_04_2","2","Penta","S",18.6,33,76.4,"W",11,0.109559527,6.5,NA,NA,0.356374498,"-20.79929949",93862.7731,NA,93862.7731,29.61689792,279.2,144.97,127.4564342,179.3055426,249.7173498,127.1594327,"250.16","215.61",1.184929097,2.791998233,NA,2.036905264,2.618520485,NA,NA,NA,-10.65,-12.94,-12.75,-4.54,NA,NA,NA,1973.409191,43.13015917,NA,NA,NA,25.11364239,12,2.15808826975
"37_04_3","3","Penta","S",18.6,33,76.4,"W",11,0.109559527,7.5,NA,NA,0.201456175,"-129.8253692",65973.36427,-129.8253692,65973.36427,13.82909724,488.5,28.18,119.0894792,164.4046495,499.1855766,94.53182311,"228.89","147.15",4.252916056,NA,NA,9.355833718,5.645975485,NA,NA,NA,-12.48,-12.5,-11.68,-13.17,NA,NA,NA,1366.078473,23.49531006,8.98549943,NA,3.51101607,26.55970404,34,6.418241753
"43_02_1","1","Goeth","S",22.8,22.3,88.8,"W",32.5,0.314231899,7,25.3,25.6,0.215875385,"-6.362869824",-10818.14067,NA,NA,7.123218085,75.2,48.17,100.1612259,103.2512454,339.5776508,86.59186385,"302.81","212.65",1.407013613,3.055271815,NA,1.2690746,2.243830289,NA,NA,NA,104,-11.51,-11.43,-12.16,NA,NA,NA,714.693843,54.68245775,7.308941229,NA,1.037474583,12.96169844,26,1.99379757925
"43_02_2","2","Goeth","S",22.8,22.3,88.8,"W",32.5,0.314231899,5.5,NA,NA,0.305114,"-22.31497902",71724.90053,NA,71724.90053,NA,34.1,93.97,268.1671471,452.683552,1586.362022,234.0461482,"260.19","206.67",3.212864534,1.030556233,NA,1.125764053,1.41942668,NA,NA,NA,17.33,23.96,-12.35,-9.82,NA,NA,NA,1539.382052,28.39154724,NA,NA,0.957987814,55.84682044,26,1.697152875
"43_02_3","3","Goeth","S",22.8,22.3,88.8,"W",32.5,0.314231899,8.5,NA,NA,0.171841214,"65.78839489",93407.4689,65.78839489,93407.4689,12.44048733,572.1,57.09,86.34856287,269.9894976,842.0346797,88.60720068,"295.19","217.88",1.60865366,2.250632945,NA,0.971198447,1.748277627,NA,NA,NA,10.59,7.1,-12.34,-12.26,NA,NA,NA,694.6432424,2.722821108,8.226305671,NA,2.534770911,48.414573,64,1.64469066975
"43_10_1","1","Penta","SW",38.7,29.65,82.8,"W",12,0.119428926,4.5,25.5,25.7,0.211059679,"209.2025789",46011.62198,209.2025789,46011.62198,13.04930956,406.7,67.69,225.8887259,161.4664151,523.3952497,157.0852789,"272.25","n/a",1.91137996,NA,NA,2.365507311,1.649566224,NA,NA,NA,194.11,-14.38,103.77,164.59,NA,NA,NA,1264.419806,38.5173577,12.44078086,NA,5.315561734,41.51597165,22,1.97548449833333
"43_10_2","2","Penta","SW",38.7,29.65,82.8,"W",12,0.119428926,4,NA,NA,0.207050714,"56.7749243",40408.0258,56.7749243,40408.0258,8.560256871,94.6,NA,NA,NA,NA,NA,"280.37","220.63",3.047828254,NA,3.118647079,2.505029197,2.30131773,NA,NA,NA,-8.37,-17.32,3.97,11.98,NA,NA,NA,669.8776002,13.34537636,7.161238804,5.420143687,0.949927105,30.97971253,58,2.743205565
"43_10_3","3","Penta","SW",38.7,29.65,82.8,"W",12,0.119428926,3.5,NA,NA,0.16704354,"526.1131624",91871.18849,526.1131624,91871.18849,23.4737125,735.3,60.85,63.21575714,21.31075161,266.9589933,73.81735597,"282.23","216.66",3.716203269,NA,3.490298269,4.730497093,0.400378037,NA,NA,NA,3.58,-20.42,-12.17,-4.43,NA,NA,NA,867.602681,20.76767304,12.74484104,NA,0.979641862,53.76308719,22,3.084344167
"46_03_1","1","Penta","L",24.5,49.4,94.3,"W",2,0.019997334,4,NA,NA,0.380243627,"132.3776139",131050.9086,132.3776139,131050.9086,9.392051144,222.9,89.54,156.5229912,176.3290358,284.9358713,156.01195,"346.04","267.36",NA,0.937602179,NA,1.657262201,NA,2.855640072,2.738853533,0.725001671,NA,NA,3.11,NA,-6.31,-6.89,1.31,1440.932225,22.55242478,4.253576446,11.16337059,2.990335217,44.24716663,16,1.7828719312
"46_03_2","2","Penta","L",24.5,49.4,94.3,"W",2,0.019997334,5,NA,NA,0.366888048,"245.2013454",92035.70134,245.2013454,92035.70134,8.652298546,116.9,133.42,249.3002935,203.8791459,560.4747236,168.1276276,"316.5","272.15",NA,1.420675822,NA,1.041331438,NA,2.165120071,3.351662667,1.327909086,NA,NA,-3.16,NA,-8.41,-10.05,-6.22,1573.575849,40.20054022,3.621680444,NA,NA,37.89665144,11.66666667,1.8613398168
"46_03_3","3","Penta","L",24.5,49.4,94.3,"W",2,0.019997334,5,NA,NA,0.255014412,"200.2229593",101844.3321,200.2229593,101844.3321,23.58821371,199.8,22.47,135.6414369,95.78915558,255.1246696,69.97574901,"277.92","223.35",NA,1.638414917,NA,1.581739312,NA,1.342759327,2.241139199,2.174251148,NA,NA,-11.3,NA,-11.65,-12.38,-11.43,920.3626285,17.49325368,12.8682981,5.460579484,5.220780753,41.24127082,18,1.7956607806
"48_01_1","1","Goeth","S",37.7,27.7,93.5,"W",22,0.216550305,7,26.5,25.5,0.246274964,"298.6961318",132769.9815,298.6961318,132769.9815,11.60896446,222.3,30.72,191.5093455,131.1194043,408.0904691,11.6424825,"270.79","239.9",1.372734588,NA,2.680007547,3.4880955,2.208305565,NA,NA,NA,-18.35,-15.07,83.84,-10.92,NA,NA,NA,822.8493713,42.1978962,10.49973082,3.925447587,3.886804427,60.26418487,22,2.4372858
"48_01_2","2","Goeth","S",37.7,27.7,93.5,"W",22,0.216550305,6.5,NA,NA,0.32423946,"",NA,NA,NA,7.762492721,89.3,NA,NA,NA,NA,NA,"221.92","167.76",4.039810054,NA,0.310443033,1.923975875,1.787734657,NA,NA,NA,-10.31,-10.14,3.36,-15.76,NA,NA,NA,1227.436196,182.9451213,8.14666756,NA,NA,87.28649041,34,2.01549090475
"48_01_3","3","Goeth","S",37.7,27.7,93.5,"W",22,0.216550305,6.5,NA,NA,0.144989978,"216.3130168",115735.2305,216.3130168,115735.2305,6.251959216,576.2,128.58,108.7997648,330.7747225,1010.664684,170.2528576,"212.18","143.64",1.366224932,NA,0.650273986,2.619844552,4.478292128,NA,NA,NA,-12.34,-13.63,4.93,-9,NA,NA,NA,378.0282535,21.91419556,5.387093351,1.992937466,1.915489238,38.17897806,28,2.2786588995
"52_04_1","1","Penta","S",37,17,104.7,"W",27.5,0.268366211,6,NA,NA,0.272792704,"642.5721373",63049.13429,642.5721373,63049.13429,8.453988724,168.5,36.66,137.1073176,149.7461437,306.6762758,74.29248787,"307.91","241.66",0.738423141,0.883806762,NA,2.507529269,1.608644709,NA,NA,NA,89.85,179.3,101.7,20.56,NA,NA,NA,169.511122,4.361497047,6.542088729,0.811974469,0.066354766,9.27585135,26,1.43460097025
"52_04_2","2","Penta","S",37,17,104.7,"W",27.5,0.268366211,4,NA,NA,0.242690197,"18.99061009",78164.60845,18.99061009,78164.60845,7.30467564,226.6,48.72,72.00107629,102.1397194,252.5173661,42.13662711,"290.51","224.67",NA,2.482224333,NA,2.974786001,2.633368151,NA,NA,NA,5.62,15.05,15.15,299.98,NA,NA,NA,100.4630079,5.010510819,5.643103729,0.360489266,0.918772042,8.753906034,10,2.69679282833333
"52_04_3","3","Penta","S",37,17,104.7,"W",27.5,0.268366211,5,25.9,25.8,0.184871198,"-51.40233559",36113.08157,NA,36113.08157,14.62800963,166.1,31.51,119.5479167,97.18344467,98.23818629,9.938523983,"269.82","219.87",0.438585479,1.198891593,NA,2.185256272,5.743754728,NA,NA,NA,68.15,35.81,6.58,NA,NA,NA,NA,223.8557814,1.906209069,8.269925241,6.929669779,0.176401011,9.14805096,54,2.391622018
"55_11_1","1","Penta","S",30.8,41.8,108.6,"W",22,0.216550305,6,25.8,25.8,0.230147851,"-100.121721",109880.4502,NA,109880.4502,20.87318683,65.3,NA,NA,NA,NA,NA,"303.48","258.08",1.370198595,NA,NA,1.516961676,0.525131968,NA,NA,NA,156.22,-6.99,-11.61,-6,NA,NA,NA,997.882101,15.81856577,1.882483336,NA,8.400826266,34.68867943,8,1.13743074633333
"55_11_2","2","Penta","S",30.8,41.8,108.6,"W",22,0.216550305,5,NA,NA,0.31103554,"-15.47690283",91707.44312,NA,91707.44312,6.011392405,260.1,24.42,39.65441489,222.7071097,360.6217311,6.869897671,"310.5","260.16",0.76727651,NA,0.860598231,1.60413364,0.71950703,NA,NA,NA,25.45,-0.73,-5.81,-10.73,NA,NA,NA,NA,NA,9.237612622,NA,4.723676361,92.480474,32,0.98787885275
"55_11_3","3","Penta","S",30.8,41.8,108.6,"W",22,0.216550305,4,NA,NA,0.190263006,"",NA,NA,NA,21.24420673,20.8,NA,NA,NA,NA,NA,"","",1.619048273,NA,0.697267745,1.392027143,1.551545863,NA,NA,NA,20.94,-8.16,-12.04,-3.12,NA,NA,NA,813.0368778,20.13373758,4.960760629,2.747592258,2.319276978,34.89796555,NA,1.314972256
"58_05_1","1","Penta","L",41.6,25.8,111.3,"W",5,0.049958396,8.5,NA,NA,0.279009597,"175.5847505",119270.9745,175.5847505,119270.9745,18.57574687,279.3,68.49,233.1696395,376.3730577,1186.212163,196.9041206,"186.4","142.15",NA,0.9797862,NA,2.003886606,NA,1.17480076,1.256806809,2.830663064,NA,NA,-13.01,NA,-11.62,80.07,76.16,903.1402717,3.395264179,7.140609297,NA,3.625426989,45.10330033,NA,1.6491886878
"58_05_2","2","Penta","L",41.6,25.8,111.3,"W",5,0.049958396,7,NA,NA,0.273411516,"51.68751676",-26155.19508,51.68751676,NA,4.952266645,301.9,89.15,275.5759403,266.1127656,858.5027878,144.8267144,"272.31","241.37",NA,3.879964828,NA,3.004588414,NA,1.329340929,2.102189114,5.220238999,NA,NA,-15.58,NA,-15.8,-6.43,-8.58,884.8089238,27.67660172,12.94695277,NA,1.530894096,46.80346654,NA,3.1072644568
"58_05_3","3","Penta","L",41.6,25.8,111.3,"W",5,0.049958396,3,NA,NA,0.274442832,"",NA,NA,NA,17.05158095,1341.6,46.95,511.4854134,290.7784337,945.3209369,157.5852085,"255.18","196.19",NA,1.411886168,NA,5.960981871,NA,2.108475938,0.890175918,1.632045697,NA,NA,-12.65,NA,-10.25,-5.38,0.05,731.6661582,31.28404042,7.227021859,2.333572366,5.349714934,49.75809911,NA,2.4007131184
"63_04_1","1","Penta","L",16.8,22.3,127.4,"N",5,0.049958396,6.5,NA,NA,0.316748092,"25.44196034",97608.81185,25.44196034,97608.81185,7.054811159,69.9,38.82,130.5060789,60.30711733,416.3107604,60.35435883,"318.44","278.89",NA,2.627708122,NA,3.823201619,NA,3.98925494,3.370427015,1.028414089,NA,NA,87.82,NA,-11.64,22.59,1.79,1494.768524,33.19756181,9.833766538,NA,7.264618933,32.39751014,NA,2.967801157
"63_04_2","2","Penta","L",16.8,22.3,127.4,"N",5,0.049958396,5,NA,NA,0.424658944,"183.6720269",52306.47386,183.6720269,52306.47386,11.98512928,116.8,33.73,107.1989614,90.5643107,64.67642337,47.54204438,"343.27","292.45",NA,1.206219116,NA,1.405198093,NA,0.482293893,1.582476852,1.159794094,NA,NA,17.4,NA,-0.5,3.51,-0.94,1991.131054,16.61018863,5.178555497,3.76329995,5.136062206,59.78412315,NA,1.1671964096
"63_04_3","3","Penta","L",16.8,22.3,127.4,"N",5,0.049958396,3.5,NA,NA,0.312675475,"21.77736579",285387.0092,21.77736579,285387.0092,28.90631515,115.5,39.57,88.60956767,127.5633459,275.5539345,67.51415165,"298.72","265.19",NA,1.757950129,NA,1.825832225,NA,3.245046811,1.674363296,3.617543712,NA,NA,8.61,NA,-9.48,-2.81,-7.53,777.1710064,8.436171694,4.063674259,3.934804518,0.712207577,24.20987015,NA,2.4241472346
